Offset(Virtual),Name,PID,pslist,psscan,thrdscan,csrss,Exit Time
Offset(Virtual),Name,PID,pslist,psscan,thrdscan,csrss,Exit Time
0x898e97508200,OpenVPNConnect,12736,True,True,True,True,
0x898e9a59a080,svchost.exe,4756,True,True,True,True,
0x898e89d1a080,SearchIndexer.,6192,True,True,True,True,
0x898e911ca080,Code.exe,10780,True,True,False,False,2025-07-10 15:05:59+00:00
0x898e9a877080,svchost.exe,1392,True,True,True,True,
0x898e9a90b080,dwm.exe,1468,True,True,True,True,
0x898e9777b080,svchost.exe,2748,True,True,True,True,
0x898e921a7080,svchost.exe,2760,True,True,True,True,
0x898e96847080,svchost.exe,4268,True,True,True,True,
0x898e9195b080,AppleMobileDev,3828,True,True,True,True,
0x898e979bb080,svchost.exe,3556,True,True,True,True,
0x898e9176f080,XtuService.exe,4396,True,True,True,True,
0x898e98493080,svchost.exe,2988,True,True,True,True,
0x898e96873080,svchost.exe,4228,True,True,True,True,
0x898e91b7b080,svchost.exe,6152,True,True,True,True,
0x898e97fba080,sihost.exe,2684,True,True,True,True,
0x898e9abbd080,dllhost.exe,536,True,True,True,True,
0x898e9899e080,svchost.exe,4316,True,True,True,True,
0x898e9dbdc080,msedge.exe,17124,True,True,True,True,
0x898e97fe0080,svchost.exe,4476,True,True,True,False,
0x898e911c1080,SystemSettings,7468,True,True,True,True,
0x898e9b09a080,Code.exe,16272,True,True,True,True,
0x898e96f03080,OpenVPNConnect,12768,True,True,True,True,
0x898e98083080,msedge.exe,1516,True,True,True,True,
0x898e926e4080,RuntimeBroker.,15808,True,True,True,True,
0x898e9a2e4080,svchost.exe,17636,True,True,True,True,
0x898e9b07b080,python.exe,15728,True,True,True,True,
0x898e9b0a6080,Code.exe,6288,True,True,True,True,
0x898e9e926080,conhost.exe,20464,False,True,False,False,2025-07-10 14:56:46+00:00
0x898e97507080,LinkedIn.exe,12812,True,True,True,True,
0x898e9af87080,msedge.exe,19344,False,True,False,False,2025-07-10 17:29:44+00:00
0x898e964c9080,AggregatorHost,6548,True,True,True,True,
0x898e89c85040,System,4,True,True,True,False,
0x898e982ab240,svchost.exe,768,True,True,True,True,
0x898e98891240,svchost.exe,3812,True,True,True,True,
0x898e9a6f7240,CompPkgSrv.exe,12920,True,True,True,True,
0x898e9178b080,svchost.exe,4468,True,True,True,True,
0x898e988890c0,svchost.exe,3820,True,True,True,True,
0x898e89d8b080,postgres.exe,6220,True,True,True,True,
0x898e9c8c50c0,WmiPrvSE.exe,10872,True,True,True,True,
0x898e9176c080,svchost.exe,4388,True,True,True,True,
0x898e91dec080,svchost.exe,6092,True,True,True,True,
0x898e99ac50c0,svchost.exe,9688,True,True,True,False,
0x898e8d7790c0,git.exe,15880,False,True,True,False,
0x898e992b9080,Code.exe,1520,True,True,False,False,2025-07-10 06:30:52+00:00
0x898e978ae080,CastSrv.exe,12240,True,True,True,True,
0xbf800012e080,backgroundTask,1220,False,True,False,False,
0x898e89d8f080,postgres.exe,6228,True,True,True,True,
0x898e9a70f080,RuntimeBroker.,4564,True,True,True,True,
0x898e9da712c0,taskhostw.exe,12540,True,True,True,True,
0x898e958592c0,powershell.exe,16596,True,True,True,True,
0x898e98570080,explorer.exe,8532,True,True,True,False,
0x898e924f0080,SearchApp.exe,9356,True,True,True,False,
0x898e98a30340,Code.exe,1624,True,True,False,False,2025-07-10 02:57:39+00:00
0x898e97f51080,svchost.exe,728,True,True,True,True,
0x898e95951080,svchost.exe,13376,True,True,True,True,
0x898e97f59080,svchost.exe,7728,True,True,True,True,
0x898e9b432080,Code.exe,2784,True,True,True,True,
0x898e9dbb2080,msedge.exe,2944,True,True,True,True,
0x898e9be13080,taskhostw.exe,10092,True,True,True,True,
0x898e91e17080,svchost.exe,3976,True,True,True,True,
0x898e97ff8080,SynTPHelper.ex,8348,True,True,True,True,
0x898e991f8080,Code.exe,16520,True,True,True,True,
0x898e91ed9080,MpDefenderCore,4120,True,True,True,True,
0x898e96bd9080,wlanext.exe,3388,True,True,True,True,
0x898e8bed6080,smss.exe,440,True,True,True,False,
0x898e89d06080,Registry,100,True,True,True,False,
0x898e97ca2080,lsass.exe,828,True,True,True,True,
0x898e98228080,svchost.exe,980,True,True,True,True,
0x898e98231080,fontdrvhost.ex,1000,True,True,True,True,
0x898e98230080,fontdrvhost.ex,1008,True,True,True,False,
0x898e982b6080,svchost.exe,1048,True,True,True,True,
0x898e98d80080,WUDFHost.exe,1164,True,True,True,False,
0x898e9a843080,svchost.exe,1336,True,True,True,True,
0x898e9a842080,IntelCpHDCPSvc,1344,True,True,True,True,
0x898e9a828080,svchost.exe,1272,True,True,True,True,
0x898e92158080,svchost.exe,2512,True,True,True,True,
0x898e9777c080,svchost.exe,2928,True,True,True,True,
0x898e97958080,svchost.exe,3528,True,True,True,True,
0x898e91bc4080,svchost.exe,2304,True,True,True,True,
0x898e97dfc080,svchost.exe,1256,True,True,True,True,
0x898e90bdd080,msedge.exe,14108,True,True,True,True,
0x898e9145d080,msedge.exe,14356,True,True,True,True,
0x898e9d5dd080,git.exe,372,False,True,False,False,2025-07-10 14:56:48+00:00
0x898e9819f080,igfxEM.exe,7264,True,True,True,True,
0x898e9af9f080,svchost.exe,10684,True,True,True,True,
0x898e95b1f080,RuntimeBroker.,6540,False,True,False,False,2025-07-10 16:51:47+00:00
0x898e9a76b300,node.exe,13552,True,True,False,False,2025-07-10 15:15:06+00:00
0x898e913e1080,Code.exe,792,True,True,True,True,
0x898e923c2080,TextInputHost.,11428,True,True,True,True,
0x898e9aeb20c0,svchost.exe,10852,True,True,True,True,
0x898e926e5080,ShellExperienc,7976,True,True,True,True,
0x898e92665080,backgroundTask,1220,True,True,True,True,
0x898e993e5080,conhost.exe,2140,True,True,True,True,
0x898e998e5080,conhost.exe,18468,True,True,True,True,
0x898e9ecc6080,Code.exe,20220,True,True,False,False,2025-07-10 15:05:52+00:00
0x898e9cce5080,msedge.exe,20004,True,True,True,True,
0x898e958a7080,Code.exe,4256,True,True,False,False,2025-07-10 06:30:52+00:00
0x898e91927080,HPAudioAnalyti,236,True,True,True,True,
0x898e97da7080,Code.exe,9064,True,True,True,True,
0x898e9a408080,Microsoft.Shar,12080,True,True,True,True,
0x898e91688080,python.exe,11044,True,True,True,True,
0x898e913e9080,msedge.exe,9144,True,True,True,True,
0x898e919540c0,mDNSResponder.,3836,True,True,True,True,
0x898e976b10c0,wininit.exe,700,True,True,True,True,
0x898e8db782c0,csrss.exe,612,True,True,True,False,
0x898e976b92c0,csrss.exe,708,True,True,True,False,
0x898e97c9c0c0,winlogon.exe,808,True,True,True,True,
0x898e982560c0,WUDFHost.exe,548,True,True,True,True,
0x898e9a9130c0,svchost.exe,1480,True,True,True,True,
0x898e974da0c0,svchost.exe,1960,True,True,True,True,
0x898e974c90c0,svchost.exe,1972,True,True,True,True,
0x898e91b740c0,igfxCUIService,2220,True,True,True,True,
0x898e973de0c0,svchost.exe,5088,True,True,True,True,
0x898e9187e0c0,postgres.exe,6048,True,True,True,True,
0x898e991020c0,RuntimeBroker.,10280,True,True,True,True,
0x898e913e60c0,OpenVPNConnect,13264,True,True,True,True,
0x898e9176d080,MsMpEng.exe,4444,True,True,True,True,
0x898e9be0c080,Code.exe,840,True,True,False,False,2025-07-10 15:05:52+00:00
0x898e9bb020c0,LogonUI.exe,8272,True,True,False,False,2025-07-10 13:45:43+00:00
0x898e9e00c080,git.exe,1620,False,True,False,False,2025-07-10 14:56:48+00:00
0x898e9914e080,RuntimeBroker.,15492,True,True,True,True,
0x898e9db4e080,Code.exe,11456,True,True,True,True,
0x898e90fce080,dllhost.exe,15884,True,True,True,True,
0x898e968922c0,valWBFPolicySe,4380,True,True,True,True,
0x898e985d22c0,userinit.exe,8512,True,True,False,False,2025-07-10 01:41:48+00:00
0x898e9966e2c0,svchost.exe,9844,True,True,True,True,
0x898e98149340,LogonUI.exe,1720,True,True,False,False,2025-07-10 04:57:27+00:00
0x898e9c6f1080,Code.exe,13472,True,True,True,True,
0x898e97f52080,sqlservr.exe,3444,True,True,True,True,
0x898e96db3080,NisSrv.exe,6368,True,True,True,True,
0x898e9a6b3080,svchost.exe,15556,True,True,True,True,
0x898e9b433080,conhost.exe,14668,True,True,True,True,
0x898e9af79080,svchost.exe,15488,True,True,True,True,
0x898e91894080,dllhost.exe,5872,True,True,True,True,
0x898e98f75080,MemCompression,2064,True,True,True,False,
0x898e99175080,cmd.exe,6804,True,True,True,True,
0x898e99075080,audiodg.exe,7312,True,True,True,True,
0x898e96598080,svchost.exe,5612,True,True,True,True,
0x898e91418080,RuntimeBroker.,13756,True,True,True,True,
0x898e9b098080,LanWlanWwanSwi,11852,True,True,True,True,
0x898e98f79080,svchost.exe,2112,True,True,True,True,
0x898e9a5f9080,svchost.exe,2332,True,True,True,True,
0x898e976bf100,services.exe,776,True,True,True,True,
0x898e9127b300,svchost.exe,5536,True,True,True,True,
0x898e97ff9080,ctfmon.exe,8252,True,True,True,True,
0x898e9082d300,msedge.exe,11508,True,True,True,True,
0x898e9965a080,RuntimeBroker.,7248,True,True,True,True,
0x898e9a97d080,svchost.exe,1836,True,True,True,True,
0x898e96bdd080,spoolsv.exe,3432,True,True,True,True,
0x898e9195d080,CxMonSvc.exe,3876,True,True,True,True,
0x898e97959080,svchost.exe,3484,True,True,True,True,
0x898e91959080,svchost.exe,3852,True,True,True,True,
0x898e919dd080,CxUtilSvc.exe,3908,True,True,True,True,
0x898e91edd080,LMS.exe,4132,True,True,True,True,
0x898e92259080,svchost.exe,2396,True,True,True,True,
0x898e8d00d080,svchost.exe,1968,True,True,True,True,
0x898e9224d080,svchost.exe,2376,True,True,True,True,
0x898e98abb080,unsecapp.exe,8428,True,True,True,True,
0x898e97a1c080,RuntimeBroker.,16552,True,True,True,True,
0x898e9297d080,Code.exe,16204,True,True,True,True,
0x898e9bf9c080,git.exe,2780,False,True,False,False,2025-07-10 17:29:20+00:00
0x898e90f3f080,msedge.exe,2496,True,True,True,True,
0x898e8d23f080,node.exe,18504,True,True,True,True,
0x898e91881080,svchost.exe,5836,True,True,True,True,
0x898e96881080,WmiPrvSE.exe,6484,True,True,True,True,
0x898e8df62080,DeviceEnroller,5324,True,True,True,False,2025-07-09 18:33:54+00:00
0x898e96de2080,svchost.exe,7272,True,True,True,True,
0x898e96f62080,msedge.exe,9864,True,True,True,True,
0x898e998e2080,Code.exe,14028,True,True,True,True,
0x898e9b443080,Code.exe,4808,True,True,True,True,
0x898e9adc3080,node.exe,10172,True,True,False,False,2025-07-10 15:27:46+00:00
0x898e9bea4080,Code.exe,13104,True,True,False,False,2025-07-10 15:09:30+00:00
0x898e9e924080,conhost.exe,14468,False,True,False,False,2025-07-10 14:56:47+00:00
0x898e9a405080,svchost.exe,11344,True,True,True,True,
0x898e91d66080,conhost.exe,6056,True,True,True,True,
0x898e97be6080,sacpl.exe,9048,True,True,True,False,2025-07-10 01:41:12+00:00
0x898e9915a080,svchost.exe,18244,True,True,True,True,
0x898e978c7080,python.exe,11812,True,True,True,True,
0x898e9a9a8080,HPHotkeyNotifi,7612,True,True,True,True,
0x898e998d60c0,Code.exe,20132,True,True,True,True,
0x898e92008340,postgres.exe,4108,True,True,True,True,
0x898e9200e340,postgres.exe,1616,True,True,True,True,
0x898e96a93340,svchost.exe,7048,True,True,True,True,
0x898e97dea080,Microsoft.Mana,2028,True,True,True,True,
0x898e9a4c5340,Discord.exe,12596,True,True,True,True,
0x898e987f2340,svchost.exe,5620,True,True,True,True,
0x898e97f4b080,sqlceip.exe,7992,True,True,True,True,
0x898e9799b0c0,svchost.exe,3640,True,True,True,True,
0x898e91e570c0,svchost.exe,1920,True,True,True,True,
0x898e9a7670c0,OpenVPNConnect,12012,True,True,False,False,2025-07-10 01:41:54+00:00
0x898e983630c0,Code.exe,3988,True,True,False,False,2025-07-10 02:42:22+00:00
0x898e9192c080,LockApp.exe,15068,True,True,True,True,
0x898e98f92140,node.exe,11780,True,True,False,False,2025-07-10 15:19:49+00:00
0x898e89d8d080,postgres.exe,6212,True,True,True,True,
0x898e9dd0d080,Code.exe,17052,True,True,True,True,
0x898e9c9ee080,python.exe,10980,True,True,True,True,
0x898e9084f080,node.exe,10152,True,True,False,False,2025-07-10 16:39:58+00:00
0x898e90bfb2c0,msedge.exe,13080,True,True,True,True,
0x898e94ecf080,powershell.exe,18376,True,True,True,True,
0x898e98411080,svchost.exe,2800,True,True,True,True,
0x898e97e91080,SynTPEnh.exe,1408,True,True,True,True,
0x898e99091080,StartMenuExper,10200,True,True,True,True,
0x898e91772080,vmnetdhcp.exe,4420,True,True,True,True,
0x898e99172080,RuntimeBroker.,10512,True,True,True,True,
0x898e92472080,Code.exe,17752,True,True,True,True,
0x898e96fd3080,svchost.exe,12472,True,True,True,True,
0x898e97015080,svchost.exe,7548,True,True,True,True,
0x898e97457080,svchost.exe,1756,True,True,True,True,
0x898e974d7080,svchost.exe,1944,True,True,True,True,
0x898e99657080,msedge.exe,6884,True,True,True,True,
0x898e9a599080,dasHost.exe,4744,True,True,True,True,
0x898e91e66180,svchost.exe,2552,True,True,True,True,
0x898e9ac89180,Discord.exe,12328,True,True,True,True,
0x898e9947a080,svchost.exe,9416,True,True,True,True,
0x898e97dfa080,ApplicationFra,10052,True,True,True,True,
0x898e8d7680c0,Code.exe,13372,True,True,True,True,
0x898e9a9a2080,IntelCpHeciSvc,1724,True,True,True,True,
0x898e98f9e080,svchost.exe,2144,True,True,True,True,
0x898e96bde080,conhost.exe,3396,True,True,True,True,
0x898e919de080,svchost.exe,3920,True,True,True,True,
0x898e9195a080,OfficeClickToR,3868,True,True,True,True,
0x898e91e1a080,fpCSEvtSvc.exe,3996,True,True,True,True,
0x898e96bb2080,svchost.exe,3308,True,True,True,True,
0x898e97776080,svchost.exe,3172,True,True,True,True,
0x898e98f7a080,svchost.exe,2092,True,True,True,True,
0x898e91e1d080,svchost.exe,4004,True,True,True,True,
0x898e9a4bc080,Discord.exe,12644,True,True,True,True,
0x898e9da3c080,powershell.exe,19232,True,True,True,True,
0x898e9af9d080,node.exe,18136,True,True,True,True,
0x898e9b07e080,msedge.exe,1680,True,True,True,True,
0x898e918b9300,cmd.exe,368,True,True,True,True,
0x898e9abc0080,WhatsApp.exe,10848,True,True,False,False,2025-07-10 07:30:53+00:00
0x898e929c0080,SearchApp.exe,5852,True,True,True,False,
0x898e9b440080,HotKeyServiceU,17024,True,True,True,False,
0x898e97ea1080,svchost.exe,7396,True,True,True,True,
0x898e9cea1080,msedge.exe,14396,True,True,True,True,
0x898e95aa1080,msedge.exe,14856,True,True,True,True,
0x898e97f63080,conhost.exe,17592,True,True,True,True,
0x898e90b63080,cmd.exe,16376,True,True,True,True,
0x898e94f44080,node.exe,16580,True,True,False,False,2025-07-10 15:30:03+00:00
0x898e9b2c4080,msedge.exe,17944,True,True,True,True,
0x898e9a2c4080,svchost.exe,19532,False,True,False,False,2025-07-10 17:26:41+00:00
0x898e9e925080,git.exe,3740,False,True,False,False,2025-07-10 14:56:46+00:00
0x898e90a06080,msedge.exe,14192,True,True,True,True,
0x898e980e7080,taskhostw.exe,3992,True,True,True,True,
0x898e96de7080,UserOOBEBroker,7352,True,True,True,True,
0x898e925e7080,conhost.exe,10444,True,True,True,True,
0x898e9946f1c0,svchost.exe,16040,True,True,True,True,
0x898e99d8a080,powershell.exe,18212,True,True,True,True,
0x898e9e00a080,git.exe,9124,False,True,False,False,2025-07-10 14:56:42+00:00
0x898e9176b080,vmnat.exe,4412,True,True,True,True,
0x898e984780c0,svchost.exe,2908,True,True,True,True,
0x898e968440c0,sqlwriter.exe,4244,True,True,True,True,
0x898e917640c0,SynTPEnhServic,4404,True,True,True,True,
0x898e91e4c080,ibtsiva.exe,4056,True,True,True,True,
0x898e97deb080,svchost.exe,2672,True,True,True,True,
0x898e97f4c080,svchost.exe,1768,True,True,True,True,
0x898e9ad240c0,Discord.exe,9132,True,True,True,True,
0x898e9add00c0,OpenVPNConnect,7108,True,True,True,False,
0x898e913eb080,msedge.exe,14100,True,True,True,True,
0x898e9964c080,Discord.exe,8860,True,True,True,True,
0x898e9ccdc080,WhatsApp.exe,13056,True,True,True,True,
0x898e9b2cc080,msedge.exe,7404,True,True,True,True,
0x898e9a66f080,Video.UI.exe,6088,True,True,True,True,
0x898e92250080,svchost.exe,2384,True,True,True,False,
0x898e95ad0080,WUDFHost.exe,7372,True,True,True,False,
0x898e9c7eb080,node.exe,18384,True,True,True,True,
0x898e9a750080,msedge.exe,17808,True,True,True,False,
0x898e9adb1080,SecurityHealth,1388,True,True,True,True,
0x898e9b3d0080,svchost.exe,19224,True,True,True,False,
0xd78020a50080,msedge.exe,11160,False,True,False,False,
0x898e9db92080,Code.exe,17736,True,True,True,True,
0x898e9db59080,conhost.exe,11836,True,True,True,True,
0x898e97bf3080,SynTPEnh.exe,5956,True,True,True,False,2025-07-10 01:41:10+00:00
0x898e9af73080,msedge.exe,11160,True,True,True,True,
0x898e97ad4080,svchost.exe,7284,True,True,True,True,
0x898e91d16080,postgres.exe,6060,True,True,True,True,
0x898e96df7080,svchost.exe,7760,True,True,True,True,
0x898e9c0f7080,pet.exe,19092,True,True,True,True,
0x898e97f58080,svchost.exe,7780,True,True,True,True,
