Pid,Process,Base,InLoad,InInit,InMem,MappedPath
Pid,Process,Base,InLoad,InInit,InMem,MappedPath
612,csrss.exe,0x7ff7b3630000,True,False,True,\Windows\System32\csrss.exe
708,csrss.exe,0x7ff7b3630000,True,False,True,\Windows\System32\csrss.exe
708,csrss.exe,0x7ff877c80000,True,True,True,\Windows\System32\KernelBase.dll
708,csrss.exe,0x7ff877aa0000,True,True,True,\Windows\System32\bcryptprimitives.dll
708,csrss.exe,0x7ff87a1d0000,True,True,True,\Windows\System32\ntdll.dll
776,services.exe,0x1f4973b0000,False,False,False,\Windows\System32\en-US\services.exe.mui
776,services.exe,0x7ff7a9d50000,True,False,True,\Windows\System32\services.exe
776,services.exe,0x7ff876080000,True,True,True,\Windows\System32\kernel.appcore.dll
828,lsass.exe,0x7ff876840000,True,True,True,\Windows\System32\rsaenh.dll
828,lsass.exe,0x7ff856450000,True,True,True,\Windows\System32\ncryptprov.dll
828,lsass.exe,0x7ff6fc220000,True,False,True,\Windows\System32\lsass.exe
828,lsass.exe,0x7ff86d760000,True,True,True,\Windows\System32\cryptnet.dll
828,lsass.exe,0x7ff877aa0000,True,True,True,\Windows\System32\bcryptprimitives.dll
828,lsass.exe,0x7ff8783c0000,True,True,True,\Windows\System32\rpcrt4.dll
828,lsass.exe,0x7ff87a1d0000,True,True,True,\Windows\System32\ntdll.dll
980,svchost.exe,0x7ff716600000,True,False,True,\Windows\System32\svchost.exe
980,svchost.exe,0x7ff8684c0000,True,True,True,\Windows\System32\Windows.StateRepositoryCore.dll
980,svchost.exe,0x7ff86d0b0000,True,True,True,\Windows\System32\AppXDeploymentClient.dll
980,svchost.exe,0x7ff874960000,True,True,True,\Windows\System32\SystemEventsBrokerServer.dll
980,svchost.exe,0x7ff876080000,True,True,True,\Windows\System32\kernel.appcore.dll
980,svchost.exe,0x7ff876840000,True,True,True,\Windows\System32\rsaenh.dll
980,svchost.exe,0x7ff877aa0000,True,True,True,\Windows\System32\bcryptprimitives.dll
980,svchost.exe,0x7ff8783c0000,True,True,True,\Windows\System32\rpcrt4.dll
980,svchost.exe,0x7ff87a1d0000,True,True,True,\Windows\System32\ntdll.dll
768,svchost.exe,0x1dd87e00000,False,False,False,\Windows\System32\en-US\KernelBase.dll.mui
768,svchost.exe,0x7ff716600000,True,False,True,\Windows\System32\svchost.exe
768,svchost.exe,0x7ff8751e0000,True,True,True,\Windows\System32\rpcss.dll
768,svchost.exe,0x7ff877c80000,True,True,True,\Windows\System32\KernelBase.dll
768,svchost.exe,0x7ff8783c0000,True,True,True,\Windows\System32\rpcrt4.dll
768,svchost.exe,0x7ff8798b0000,True,True,True,\Windows\System32\combase.dll
1048,svchost.exe,0x7ff8783c0000,True,True,True,\Windows\System32\rpcrt4.dll
1392,svchost.exe,0x7ff716600000,True,False,True,\Windows\System32\svchost.exe
1468,dwm.exe,0x7ff69d2c0000,True,False,True,\Windows\System32\dwm.exe
1468,dwm.exe,0x7ff8708b0000,True,True,True,\Windows\System32\uDWM.dll
1468,dwm.exe,0x7ff8707b0000,True,True,True,\Windows\System32\CoreMessaging.dll
1468,dwm.exe,0x7ff877910000,True,True,True,\Windows\System32\win32u.dll
1468,dwm.exe,0x7ff879750000,True,True,True,\Windows\System32\gdi32.dll
1480,svchost.exe,0x7ff877aa0000,True,True,True,\Windows\System32\bcryptprimitives.dll
1480,svchost.exe,0x7ff870a00000,True,True,True,\Windows\System32\wevtsvc.dll
1836,svchost.exe,0x7ff716600000,True,False,True,\Windows\System32\svchost.exe
1944,svchost.exe,0x7ff716600000,True,False,True,\Windows\System32\svchost.exe
1944,svchost.exe,0x7ff8798b0000,True,True,True,\Windows\System32\combase.dll
1960,svchost.exe,0x7ff716600000,True,False,True,\Windows\System32\svchost.exe
1972,svchost.exe,0x7ff716600000,True,False,True,\Windows\System32\svchost.exe
1972,svchost.exe,0x7ff86d890000,True,True,True,\Windows\System32\es.dll
2092,svchost.exe,0x7ff877aa0000,True,True,True,\Windows\System32\bcryptprimitives.dll
2112,svchost.exe,0x7ff716600000,True,False,True,\Windows\System32\svchost.exe
2304,svchost.exe,0x7ff716600000,True,False,True,\Windows\System32\svchost.exe
2304,svchost.exe,0x24298c00000,False,False,False,\Windows\System32\en-US\KernelBase.dll.mui
2304,svchost.exe,0x7ff86c890000,True,True,True,\Windows\System32\Windows.StateRepository.dll
2304,svchost.exe,0x7ff877c80000,True,True,True,\Windows\System32\KernelBase.dll
2304,svchost.exe,0x7ff8798b0000,True,True,True,\Windows\System32\combase.dll
2304,svchost.exe,0x7ff8783c0000,True,True,True,\Windows\System32\rpcrt4.dll
2376,svchost.exe,0x7ff716600000,True,False,True,\Windows\System32\svchost.exe
2396,svchost.exe,0x7ff716600000,True,False,True,\Windows\System32\svchost.exe
2396,svchost.exe,0x7ff86a2c0000,True,True,True,\Windows\System32\wbem\wbemcore.dll
2512,svchost.exe,0x7ff716600000,True,False,True,\Windows\System32\svchost.exe
2512,svchost.exe,0x7ff86b390000,True,True,True,\Windows\System32\netprofmsvc.dll
2512,svchost.exe,0x7ff8783c0000,True,True,True,\Windows\System32\rpcrt4.dll
2760,svchost.exe,0x7ff877260000,True,True,True,\Windows\System32\winsta.dll
2908,svchost.exe,0x7ff716600000,True,False,True,\Windows\System32\svchost.exe
2988,svchost.exe,0x7ff716600000,True,False,True,\Windows\System32\svchost.exe
2988,svchost.exe,0x7ff86c0e0000,True,True,True,\Windows\System32\MMDevAPI.dll
2748,svchost.exe,0x25344ce0000,False,False,False,\Windows\System32\en-US\dusmsvc.dll.mui
2748,svchost.exe,0x7ff86a5c0000,True,True,True,\Windows\System32\dusmsvc.dll
2748,svchost.exe,0x7ff716600000,True,False,True,\Windows\System32\svchost.exe
2928,svchost.exe,0x172f2290000,False,False,False,\Windows\System32\en-US\KernelBase.dll.mui
2928,svchost.exe,0x7ff876080000,True,True,True,\Windows\System32\kernel.appcore.dll
2928,svchost.exe,0x7ff86a4b0000,True,True,True,\Windows\System32\wcmsvc.dll
2928,svchost.exe,0x7ff877c80000,True,True,True,\Windows\System32\KernelBase.dll
3172,svchost.exe,0x7ff867f60000,True,True,True,\Windows\System32\NetSetupApi.dll
3172,svchost.exe,0x7ff868050000,True,True,True,\Windows\System32\NetSetupShim.dll
3388,wlanext.exe,0x7ff877c80000,True,True,True,\Windows\System32\KernelBase.dll
3432,spoolsv.exe,0x7ff87a1d0000,False,False,False,\Windows\System32\ntdll.dll
3528,svchost.exe,0x7ff878a90000,True,True,True,\Windows\System32\kernel32.dll
3528,svchost.exe,0x7ff87a1d0000,True,True,True,\Windows\System32\ntdll.dll
3836,mDNSResponder.,0x7ff641450000,True,False,True,\Program Files\Bonjour\mDNSResponder.exe
3852,svchost.exe,0x1e97ce40000,False,False,False,\Windows\System32\winnlsres.dll
3852,svchost.exe,0x7ff877c80000,True,True,True,\Windows\System32\KernelBase.dll
3852,svchost.exe,0x1e97ce60000,False,False,False,\Windows\System32\en-US\mswsock.dll.mui
3852,svchost.exe,0x1e97ce50000,False,False,False,\Windows\System32\en-US\winnlsres.dll.mui
3852,svchost.exe,0x7ff716600000,True,False,True,\Windows\System32\svchost.exe
3852,svchost.exe,0x7ff86b280000,True,True,True,\Windows\System32\winhttp.dll
3852,svchost.exe,0x7ff876f20000,True,True,True,\Windows\System32\mswsock.dll
3852,svchost.exe,0x7ff876c00000,True,True,True,\Windows\System32\IPHLPAPI.DLL
3852,svchost.exe,0x7ff8778e0000,True,True,True,\Windows\System32\bcrypt.dll
3852,svchost.exe,0x7ff877b30000,True,True,True,\Windows\System32\msvcp_win.dll
3852,svchost.exe,0x7ff8780a0000,True,True,True,\Windows\System32\ucrtbase.dll
3852,svchost.exe,0x7ff8798b0000,True,True,True,\Windows\System32\combase.dll
3852,svchost.exe,0x7ff878a90000,True,True,True,\Windows\System32\kernel32.dll
3852,svchost.exe,0x7ff8783c0000,True,True,True,\Windows\System32\rpcrt4.dll
3852,svchost.exe,0x7ff879fd0000,True,True,True,\Windows\System32\ws2_32.dll
3852,svchost.exe,0x7ff87a0f0000,True,True,True,\Windows\System32\msvcrt.dll
3852,svchost.exe,0x7ff87a1d0000,True,True,True,\Windows\System32\ntdll.dll
3868,OfficeClickToR,0x7ff7b3710000,True,False,True,\Program Files\Common Files\microsoft shared\ClickToRun\OfficeClickToRun.exe
3868,OfficeClickToR,0x7ff86d760000,True,True,True,\Windows\System32\cryptnet.dll
3868,OfficeClickToR,0x7ff8783c0000,True,True,True,\Windows\System32\rpcrt4.dll
3876,CxMonSvc.exe,0x5a0000,True,False,True,\Windows\CxSvc\CxMonSvc.exe
3908,CxUtilSvc.exe,0x5b0000,False,False,False,\Windows\CxSvc\CxUtilSvc.exe
3976,svchost.exe,0x7ff716600000,True,False,True,\Windows\System32\svchost.exe
3976,svchost.exe,0x17027d30000,False,False,False,\Windows\System32\en-US\winnlsres.dll.mui
3976,svchost.exe,0x17027d20000,False,False,False,\Windows\System32\winnlsres.dll
3976,svchost.exe,0x7ff86b280000,True,True,True,\Windows\System32\winhttp.dll
3976,svchost.exe,0x7ff86d7d0000,True,True,True,\Windows\System32\taskschd.dll
3976,svchost.exe,0x7ff86d760000,True,True,True,\Windows\System32\cryptnet.dll
3976,svchost.exe,0x7ff876840000,True,True,True,\Windows\System32\rsaenh.dll
3976,svchost.exe,0x7ff877aa0000,True,True,True,\Windows\System32\bcryptprimitives.dll
3976,svchost.exe,0x7ff877120000,True,True,True,\Windows\System32\cryptsp.dll
3976,svchost.exe,0x7ff8773b0000,True,True,True,\Windows\System32\msasn1.dll
3976,svchost.exe,0x7ff877740000,True,True,True,\Windows\System32\sspicli.dll
3976,svchost.exe,0x7ff8778e0000,True,True,True,\Windows\System32\bcrypt.dll
3976,svchost.exe,0x7ff877940000,True,True,True,\Windows\System32\crypt32.dll
3976,svchost.exe,0x7ff878a90000,True,True,True,\Windows\System32\kernel32.dll
3976,svchost.exe,0x7ff878320000,True,True,True,\Windows\System32\sechost.dll
3976,svchost.exe,0x7ff877c80000,True,True,True,\Windows\System32\KernelBase.dll
3976,svchost.exe,0x7ff877b30000,True,True,True,\Windows\System32\msvcp_win.dll
3976,svchost.exe,0x7ff8780a0000,True,True,True,\Windows\System32\ucrtbase.dll
3976,svchost.exe,0x7ff8784f0000,True,True,True,\Windows\System32\advapi32.dll
3976,svchost.exe,0x7ff8783c0000,True,True,True,\Windows\System32\rpcrt4.dll
3976,svchost.exe,0x7ff8798b0000,True,True,True,\Windows\System32\combase.dll
3976,svchost.exe,0x7ff879780000,True,True,True,\Windows\System32\oleaut32.dll
3976,svchost.exe,0x7ff87a0f0000,True,True,True,\Windows\System32\msvcrt.dll
3976,svchost.exe,0x7ff87a1d0000,True,True,True,\Windows\System32\ntdll.dll
4004,svchost.exe,0x2bc31470000,False,False,False,\Windows\System32\en-US\svchost.exe.mui
4004,svchost.exe,0x2bc35c10000,False,False,False,\Windows\System32\en-US\ESENT.dll.mui
4004,svchost.exe,0x7ff716600000,True,False,True,\Windows\System32\svchost.exe
4004,svchost.exe,0x7ff85edf0000,True,True,True,\Windows\System32\esent.dll
4004,svchost.exe,0x7ff877260000,True,True,True,\Windows\System32\winsta.dll
4004,svchost.exe,0x7ff87a1d0000,True,True,True,\Windows\System32\ntdll.dll
1920,svchost.exe,0x7ff867f60000,True,True,True,\Windows\System32\NetSetupApi.dll
4120,MpDefenderCore,0x7ff86d760000,True,True,True,\Windows\System32\cryptnet.dll
4396,XtuService.exe,0x1f65edd0000,True,False,True,\Windows\SysWOW64\XtuService.exe
4444,MsMpEng.exe,0x7ff763880000,True,False,True,\ProgramData\Microsoft\Windows Defender\Platform\4.18.25050.5-0\MsMpEng.exe
4444,MsMpEng.exe,0x7ff8621f0000,True,True,True,\ProgramData\Microsoft\Windows Defender\Platform\4.18.25050.5-0\MpSvc.dll
4444,MsMpEng.exe,0x7ff877740000,True,True,True,\Windows\System32\sspicli.dll
4444,MsMpEng.exe,0x7ff877aa0000,True,True,True,\Windows\System32\bcryptprimitives.dll
4444,MsMpEng.exe,0x7ff8783c0000,True,True,True,\Windows\System32\rpcrt4.dll
4444,MsMpEng.exe,0x7fffd03c0000,True,True,True,N/A
4468,svchost.exe,0x7ff716600000,True,False,True,\Windows\System32\svchost.exe
4468,svchost.exe,0x7ff8780a0000,True,True,True,\Windows\System32\ucrtbase.dll
4468,svchost.exe,0x7ff87a1d0000,True,True,True,\Windows\System32\ntdll.dll
6192,SearchIndexer.,0x7ff76ae50000,True,False,True,\Windows\System32\SearchIndexer.exe
6192,SearchIndexer.,0x7ff878a90000,True,True,True,\Windows\System32\kernel32.dll
6484,WmiPrvSE.exe,0x7ff749610000,False,False,False,\Windows\System32\wbem\WmiPrvSE.exe
6484,WmiPrvSE.exe,0x7ff854360000,False,False,False,\Windows\System32\dmenrollengine.dll
6484,WmiPrvSE.exe,0x7ff8542e0000,False,False,False,\Windows\System32\dmcmnutils.dll
6484,WmiPrvSE.exe,0x7ff867da0000,False,False,False,\Windows\System32\dmiso8601utils.dll
6484,WmiPrvSE.exe,0x7ff86b8e0000,False,False,False,\Windows\System32\wbemcomn.dll
6484,WmiPrvSE.exe,0x7ff86ab80000,False,False,False,\Windows\System32\xmllite.dll
6484,WmiPrvSE.exe,0x7ff86d6a0000,False,False,False,\Windows\System32\policymanager.dll
6484,WmiPrvSE.exe,0x7ff86fa30000,False,False,False,\Windows\System32\dmoleaututils.dll
6484,WmiPrvSE.exe,0x7ff877c80000,False,False,False,\Windows\System32\KernelBase.dll
6484,WmiPrvSE.exe,0x7ff8768d0000,False,False,False,\Windows\System32\msvcp110_win.dll
6484,WmiPrvSE.exe,0x7ff8778e0000,False,False,False,\Windows\System32\bcrypt.dll
6484,WmiPrvSE.exe,0x7ff877940000,False,False,False,\Windows\System32\crypt32.dll
6484,WmiPrvSE.exe,0x7ff877b30000,False,False,False,\Windows\System32\msvcp_win.dll
6484,WmiPrvSE.exe,0x7ff878a90000,False,False,False,\Windows\System32\kernel32.dll
6484,WmiPrvSE.exe,0x7ff8783c0000,False,False,False,\Windows\System32\rpcrt4.dll
6484,WmiPrvSE.exe,0x7ff8780a0000,False,False,False,\Windows\System32\ucrtbase.dll
6484,WmiPrvSE.exe,0x7ff8781f0000,False,False,False,\Windows\System32\SHCore.dll
6484,WmiPrvSE.exe,0x7ff878320000,False,False,False,\Windows\System32\sechost.dll
6484,WmiPrvSE.exe,0x7ff8784f0000,False,False,False,\Windows\System32\advapi32.dll
6484,WmiPrvSE.exe,0x7ff879cb0000,False,False,False,\Windows\System32\user32.dll
6484,WmiPrvSE.exe,0x7ff879780000,False,False,False,\Windows\System32\oleaut32.dll
6484,WmiPrvSE.exe,0x7ff8798b0000,False,False,False,\Windows\System32\combase.dll
6484,WmiPrvSE.exe,0x7ff87a0f0000,False,False,False,\Windows\System32\msvcrt.dll
6484,WmiPrvSE.exe,0x7ff87a1d0000,False,False,False,\Windows\System32\ntdll.dll
6548,AggregatorHost,0x7ff678970000,True,False,True,\Windows\System32\AggregatorHost.exe
6548,AggregatorHost,0x7ff877860000,True,True,True,\Windows\System32\wintrust.dll
6548,AggregatorHost,0x7ff877aa0000,True,True,True,\Windows\System32\bcryptprimitives.dll
7048,svchost.exe,0x7ff877120000,True,True,True,\Windows\System32\cryptsp.dll
7048,svchost.exe,0x7ff876840000,True,True,True,\Windows\System32\rsaenh.dll
7048,svchost.exe,0x7ff876a90000,True,True,True,\Windows\System32\ntmarta.dll
7048,svchost.exe,0x7ff878320000,True,True,True,\Windows\System32\sechost.dll
7048,svchost.exe,0x7ff877aa0000,True,True,True,\Windows\System32\bcryptprimitives.dll
7048,svchost.exe,0x7ff8778e0000,True,True,True,\Windows\System32\bcrypt.dll
7048,svchost.exe,0x7ff877940000,True,True,True,\Windows\System32\crypt32.dll
7048,svchost.exe,0x7ff877c80000,True,True,True,\Windows\System32\KernelBase.dll
7048,svchost.exe,0x7ff8781a0000,True,True,True,\Windows\System32\cfgmgr32.dll
7048,svchost.exe,0x7ff8780a0000,True,True,True,\Windows\System32\ucrtbase.dll
7048,svchost.exe,0x7ff8798b0000,True,True,True,\Windows\System32\combase.dll
7048,svchost.exe,0x7ff878a90000,True,True,True,\Windows\System32\kernel32.dll
7048,svchost.exe,0x7ff8784f0000,True,True,True,\Windows\System32\advapi32.dll
7048,svchost.exe,0x7ff8783c0000,True,True,True,\Windows\System32\rpcrt4.dll
7048,svchost.exe,0x7ff879780000,True,True,True,\Windows\System32\oleaut32.dll
7048,svchost.exe,0x7ff87a0f0000,True,True,True,\Windows\System32\msvcrt.dll
7048,svchost.exe,0x7ff87a1d0000,True,True,True,\Windows\System32\ntdll.dll
7272,svchost.exe,0x12ac68a0000,False,False,False,\Windows\System32\en-US\Windows.Web.dll.mui
7272,svchost.exe,0x12ac6f40000,False,False,False,\Windows\System32\en-US\KernelBase.dll.mui
7272,svchost.exe,0x7ff853110000,True,True,True,\Windows\System32\Windows.Web.dll
7272,svchost.exe,0x7ff86dd20000,True,True,True,\Windows\System32\dosvc.dll
7272,svchost.exe,0x7ff877c80000,True,True,True,\Windows\System32\KernelBase.dll
7272,svchost.exe,0x7ff8780a0000,True,True,True,\Windows\System32\ucrtbase.dll
7272,svchost.exe,0x7ff8798b0000,True,True,True,\Windows\System32\combase.dll
7272,svchost.exe,0x7ff878a90000,True,True,True,\Windows\System32\kernel32.dll
7272,svchost.exe,0x7ff87a1d0000,True,True,True,\Windows\System32\ntdll.dll
7548,svchost.exe,0x22e0cf80000,False,False,False,\Windows\System32\en-US\windows.storage.dll.mui
7548,svchost.exe,0x7ff716600000,True,False,True,\Windows\System32\svchost.exe
7548,svchost.exe,0x7ff8758c0000,True,True,True,\Windows\System32\windows.storage.dll
7548,svchost.exe,0x7ff8798b0000,True,True,True,\Windows\System32\combase.dll
7728,svchost.exe,0x7ff8783c0000,True,True,True,\Windows\System32\rpcrt4.dll
7780,svchost.exe,0x7ff877aa0000,True,True,True,\Windows\System32\bcryptprimitives.dll
7780,svchost.exe,0x7ff856450000,True,True,True,\Windows\System32\ncryptprov.dll
5612,svchost.exe,0x18026600000,False,False,False,\Windows\System32\en-US\KernelBase.dll.mui
5612,svchost.exe,0x7ff86ce20000,True,True,True,\Windows\System32\cdpsvc.dll
5612,svchost.exe,0x7ff877c80000,True,True,True,\Windows\System32\KernelBase.dll
2028,Microsoft.Mana,0xe50000,True,False,True,\Program Files (x86)\Microsoft Intune Management Extension\Microsoft.Management.Services.IntuneWindowsAgent.exe
2028,Microsoft.Mana,0x13f0000,False,False,False,\Windows\SysWOW64\wbem\en-US\wmiutils.dll.mui
2028,Microsoft.Mana,0x6d000000,False,False,False,\ProgramData\Microsoft\Windows Defender\Platform\4.18.25050.5-0\X86\MpOAV.dll
2028,Microsoft.Mana,0x6d210000,False,False,False,\Windows\SysWOW64\wbem\wmiutils.dll
2028,Microsoft.Mana,0x6e130000,False,False,False,\Program Files (x86)\Microsoft Intune Management Extension\OneDSApi.dll
2028,Microsoft.Mana,0x775e0000,False,False,False,\Windows\SysWOW64\ntdll.dll
2028,Microsoft.Mana,0x77050000,False,False,False,\Windows\SysWOW64\KernelBase.dll
3444,sqlservr.exe,0x219ca820000,True,True,True,\Program Files\Microsoft SQL Server\MSSQL16.MSSQLSERVER\MSSQL\Binn\Resources\1033\sqlevn70.rll
3444,sqlservr.exe,0x7ff791bf0000,True,False,True,\Program Files\Microsoft SQL Server\MSSQL16.MSSQLSERVER\MSSQL\Binn\sqlservr.exe
7992,sqlceip.exe,0x1e69e770000,True,False,True,\Program Files\Microsoft SQL Server\MSSQL16.MSSQLSERVER\MSSQL\Binn\sqlceip.exe
7992,sqlceip.exe,0x1e69ef90000,False,False,False,\Windows\System32\en-US\winnlsres.dll.mui
7992,sqlceip.exe,0x1e69ef80000,False,False,False,\Windows\System32\winnlsres.dll
7992,sqlceip.exe,0x7ff866310000,True,True,True,\Windows\Microsoft.NET\Framework64\v4.0.30319\clr.dll
7992,sqlceip.exe,0x7ff877aa0000,True,True,True,\Windows\System32\bcryptprimitives.dll
6152,svchost.exe,0x7ff716600000,True,False,True,\Windows\System32\svchost.exe
728,svchost.exe,0x7ff716600000,True,False,True,\Windows\System32\svchost.exe
728,svchost.exe,0x7ff860b30000,True,True,True,\Windows\System32\OneCoreUAPCommonProxyStub.dll
728,svchost.exe,0x7ff86af10000,True,True,True,\Windows\System32\UserMgrProxy.dll
728,svchost.exe,0x7ff878320000,True,True,True,\Windows\System32\sechost.dll
728,svchost.exe,0x7ff877c80000,True,True,True,\Windows\System32\KernelBase.dll
728,svchost.exe,0x7ff8798b0000,True,True,True,\Windows\System32\combase.dll
728,svchost.exe,0x7ff878a90000,True,True,True,\Windows\System32\kernel32.dll
728,svchost.exe,0x7ff8783c0000,True,True,True,\Windows\System32\rpcrt4.dll
728,svchost.exe,0x7ff879780000,True,True,True,\Windows\System32\oleaut32.dll
728,svchost.exe,0x7ff87a0f0000,True,True,True,\Windows\System32\msvcrt.dll
728,svchost.exe,0x7ff87a1d0000,True,True,True,\Windows\System32\ntdll.dll
1408,SynTPEnh.exe,0x140000000,True,False,True,\Program Files\Synaptics\SynTP\SynTPEnh.exe
2684,sihost.exe,0x2714bf10000,False,False,False,\Windows\System32\en-US\iertutil.dll.mui
2684,sihost.exe,0x2714e770000,False,False,False,\Windows\System32\en-US\KernelBase.dll.mui
2684,sihost.exe,0x7ff8406d0000,True,True,True,\Windows\System32\WindowManagement.dll
2684,sihost.exe,0x7ff82d330000,True,True,True,\Windows\System32\Windows.Security.Integrity.dll
2684,sihost.exe,0x7ff7cdff0000,True,False,True,\Windows\System32\sihost.exe
2684,sihost.exe,0x7ff83f830000,True,True,True,\Windows\System32\Windows.StateRepositoryClient.dll
2684,sihost.exe,0x7ff840400000,True,True,True,\Windows\System32\Windows.System.Launcher.dll
2684,sihost.exe,0x7ff84e200000,True,True,True,\Windows\System32\ShareHost.dll
2684,sihost.exe,0x7ff844080000,True,True,True,\Windows\System32\ActivationManager.dll
2684,sihost.exe,0x7ff854a40000,True,True,True,\Windows\System32\Windows.StateRepositoryBroker.dll
2684,sihost.exe,0x7ff856290000,True,True,True,\Windows\System32\Windows.StateRepositoryPS.dll
2684,sihost.exe,0x7ff8686c0000,True,True,True,\Windows\System32\iertutil.dll
2684,sihost.exe,0x7ff869080000,True,True,True,\Windows\System32\srvcli.dll
2684,sihost.exe,0x7ff868ab0000,True,True,True,\Windows\System32\urlmon.dll
2684,sihost.exe,0x7ff877c80000,True,True,True,\Windows\System32\KernelBase.dll
2684,sihost.exe,0x7ff876080000,True,True,True,\Windows\System32\kernel.appcore.dll
2684,sihost.exe,0x7ff8758c0000,True,True,True,\Windows\System32\windows.storage.dll
2684,sihost.exe,0x7ff876d10000,True,True,True,\Windows\System32\netutils.dll
2684,sihost.exe,0x7ff877b30000,True,True,True,\Windows\System32\msvcp_win.dll
2684,sihost.exe,0x7ff878a90000,True,True,True,\Windows\System32\kernel32.dll
2684,sihost.exe,0x7ff878320000,True,True,True,\Windows\System32\sechost.dll
2684,sihost.exe,0x7ff8780a0000,True,True,True,\Windows\System32\ucrtbase.dll
2684,sihost.exe,0x7ff8781f0000,True,True,True,\Windows\System32\SHCore.dll
2684,sihost.exe,0x7ff8783c0000,True,True,True,\Windows\System32\rpcrt4.dll
2684,sihost.exe,0x7ff879780000,True,True,True,\Windows\System32\oleaut32.dll
2684,sihost.exe,0x7ff8798b0000,True,True,True,\Windows\System32\combase.dll
2684,sihost.exe,0x7ff879850000,True,True,True,\Windows\System32\shlwapi.dll
2684,sihost.exe,0x7ff87a0f0000,True,True,True,\Windows\System32\msvcrt.dll
2684,sihost.exe,0x7ff87a1d0000,True,True,True,\Windows\System32\ntdll.dll
1768,svchost.exe,0x7ff84cdd0000,True,True,True,\Windows\System32\cdp.dll
2332,svchost.exe,0x7ff716600000,True,False,True,\Windows\System32\svchost.exe
2332,svchost.exe,0x1625b140000,False,False,False,\Windows\System32\en-US\KernelBase.dll.mui
2332,svchost.exe,0x7ff85fc30000,True,True,True,\Windows\System32\wpncore.dll
2332,svchost.exe,0x7ff877c80000,True,True,True,\Windows\System32\KernelBase.dll
7284,svchost.exe,0x21e4c1f0000,False,False,False,\Windows\System32\en-US\combase.dll.mui
7284,svchost.exe,0x7ff716600000,True,False,True,\Windows\System32\svchost.exe
7284,svchost.exe,0x21e4cf40000,False,False,False,\Windows\System32\en-US\KernelBase.dll.mui
7284,svchost.exe,0x7ff8404c0000,True,True,True,\Windows\System32\AppContracts.dll
7284,svchost.exe,0x7ff856450000,True,True,True,\Windows\System32\ncryptprov.dll
7284,svchost.exe,0x7ff860b30000,True,True,True,\Windows\System32\OneCoreUAPCommonProxyStub.dll
7284,svchost.exe,0x7ff877aa0000,True,True,True,\Windows\System32\bcryptprimitives.dll
7284,svchost.exe,0x7ff870df0000,True,True,True,\Windows\System32\WinTypes.dll
7284,svchost.exe,0x7ff876080000,True,True,True,\Windows\System32\kernel.appcore.dll
7284,svchost.exe,0x7ff878320000,True,True,True,\Windows\System32\sechost.dll
7284,svchost.exe,0x7ff877c80000,True,True,True,\Windows\System32\KernelBase.dll
7284,svchost.exe,0x7ff877b30000,True,True,True,\Windows\System32\msvcp_win.dll
7284,svchost.exe,0x7ff8780a0000,True,True,True,\Windows\System32\ucrtbase.dll
7284,svchost.exe,0x7ff8781f0000,True,True,True,\Windows\System32\SHCore.dll
7284,svchost.exe,0x7ff8798b0000,True,True,True,\Windows\System32\combase.dll
7284,svchost.exe,0x7ff878a90000,True,True,True,\Windows\System32\kernel32.dll
7284,svchost.exe,0x7ff8784f0000,True,True,True,\Windows\System32\advapi32.dll
7284,svchost.exe,0x7ff8783c0000,True,True,True,\Windows\System32\rpcrt4.dll
7284,svchost.exe,0x7ff87a0f0000,True,True,True,\Windows\System32\msvcrt.dll
7284,svchost.exe,0x7ff87a1d0000,True,True,True,\Windows\System32\ntdll.dll
3992,taskhostw.exe,0x7ff67d050000,True,False,True,\Windows\System32\taskhostw.exe
4316,svchost.exe,0x1d0eba70000,False,False,False,\Windows\System32\en-US\KernelBase.dll.mui
4316,svchost.exe,0x7ff854d00000,True,True,True,\Windows\System32\CapabilityAccessManager.dll
4316,svchost.exe,0x7ff877aa0000,True,True,True,\Windows\System32\bcryptprimitives.dll
4316,svchost.exe,0x7ff877c80000,True,True,True,\Windows\System32\KernelBase.dll
7760,svchost.exe,0x7ff716600000,True,False,True,\Windows\System32\svchost.exe
8252,ctfmon.exe,0x7ff8707b0000,True,True,True,\Windows\System32\CoreMessaging.dll
8428,unsecapp.exe,0x7ff7605e0000,True,False,True,\Windows\System32\wbem\unsecapp.exe
8532,explorer.exe,0x420000,False,False,False,\Windows\SystemResources\stobject.dll.mun
8532,explorer.exe,0x400000,False,False,False,\Windows\System32\en-US\stobject.dll.mui
8532,explorer.exe,0x5a0000,False,False,False,\Windows\en-US\explorer.exe.mui
8532,explorer.exe,0x22a0000,False,False,False,\Windows\System32\imageres.dll
8532,explorer.exe,0x2530000,False,False,False,\Windows\System32\en-US\twinui.dll.mui
8532,explorer.exe,0x27e0000,False,False,False,\Windows\System32\en-US\explorerframe.dll.mui
8532,explorer.exe,0x2930000,False,False,False,\Windows\System32\en-US\shell32.dll.mui
8532,explorer.exe,0x28a0000,False,False,False,\Windows\System32\en-US\UIAutomationCore.dll.mui
8532,explorer.exe,0x2ac0000,False,False,False,\Windows\System32\en-US\propsys.dll.mui
8532,explorer.exe,0x4a10000,False,False,False,\Windows\System32\en-US\setupapi.dll.mui
8532,explorer.exe,0x9a50000,False,False,False,\Windows\System32\en-US\KernelBase.dll.mui
8532,explorer.exe,0x9c20000,False,False,False,\Windows\System32\en-US\usbui.dll.mui
8532,explorer.exe,0x9d80000,False,False,False,\Windows\System32\imageres.dll
8532,explorer.exe,0xa480000,False,False,False,\Windows\System32\en-US\windows.storage.dll.mui
8532,explorer.exe,0xb350000,False,False,False,\Windows\System32\en-US\combase.dll.mui
8532,explorer.exe,0xd6d0000,False,False,False,\Windows\System32\en-US\sndvolsso.dll.mui
8532,explorer.exe,0xdfb0000,False,False,False,\Windows\SystemResources\twinui.dll.mun
8532,explorer.exe,0xe800000,False,False,False,\Windows\System32\en-US\UIRibbon.dll.mui
8532,explorer.exe,0x10440000,False,False,False,\Windows\SystemResources\SndVolSSO.dll.mun
8532,explorer.exe,0x10630000,False,False,False,\Windows\System32\en-US\ApplicationFrame.dll.mui
8532,explorer.exe,0x121a0000,False,False,False,\Windows\System32\UIRibbonRes.dll
8532,explorer.exe,0x147e0000,False,False,False,\Windows\System32\en-US\dui70.dll.mui
8532,explorer.exe,0x7ff823090000,True,True,True,\Windows\System32\dui70.dll
8532,explorer.exe,0x17be0000,False,False,False,\Windows\SystemResources\shell32.dll.mun
8532,explorer.exe,0x1cc30000,False,False,False,\Windows\System32\en-US\ieframe.dll.mui
8532,explorer.exe,0x20e10000,False,False,False,\Windows\SystemResources\imageres.dll.mun
8532,explorer.exe,0x7ff797830000,True,False,True,\Windows\explorer.exe
8532,explorer.exe,0x7ff81ff20000,True,True,True,\Windows\System32\ieframe.dll
8532,explorer.exe,0x7ff82c310000,True,True,True,\Windows\System32\wpnclient.dll
8532,explorer.exe,0x7ff82acc0000,True,True,True,\Windows\System32\stobject.dll
8532,explorer.exe,0x7ff82dac0000,True,True,True,\Windows\System32\TaskFlowDataEngine.dll
8532,explorer.exe,0x7ff82e030000,True,True,True,\Windows\System32\ApplicationFrame.dll
8532,explorer.exe,0x7ff82e2b0000,True,True,True,\Windows\System32\twinui.pcshell.dll
8532,explorer.exe,0x7ff82e9e0000,True,True,True,\Windows\System32\ExplorerFrame.dll
8532,explorer.exe,0x7ff82f1d0000,True,True,True,\Windows\System32\twinui.dll
8532,explorer.exe,0x7ff82f180000,True,True,True,\Windows\System32\SndVolSSO.dll
8532,explorer.exe,0x7ff82f7f0000,True,True,True,\Windows\System32\UIAutomationCore.dll
8532,explorer.exe,0x7ff83d450000,True,True,True,\Windows\System32\UIRibbon.dll
8532,explorer.exe,0x7ff83def0000,True,True,True,\Windows\System32\duser.dll
8532,explorer.exe,0x7ff83f4b0000,True,True,True,\Windows\System32\wpnapps.dll
8532,explorer.exe,0x7ff840870000,True,True,True,\Windows\System32\ExecModelClient.dll
8532,explorer.exe,0x7ff84cdd0000,True,True,True,\Windows\System32\cdp.dll
8532,explorer.exe,0x7ff844660000,True,True,True,\Windows\System32\capauthz.dll
8532,explorer.exe,0x7ff868ab0000,True,True,True,\Windows\System32\urlmon.dll
8532,explorer.exe,0x7ff8502d0000,True,True,True,\Windows\System32\cdprt.dll
8532,explorer.exe,0x7ff855210000,True,True,True,\Windows\System32\sfc_os.dll
8532,explorer.exe,0x7ff856e00000,True,True,True,\Windows\System32\d3d10warp.dll
8532,explorer.exe,0x7ff85a7e0000,True,True,True,\Windows\System32\DWrite.dll
8532,explorer.exe,0x7ff85d730000,True,True,True,\Windows\System32\UIAnimation.dll
8532,explorer.exe,0x7ff8686c0000,True,True,True,\Windows\System32\iertutil.dll
8532,explorer.exe,0x7ff86d470000,True,True,True,\Windows\System32\twinapi.appcore.dll
8532,explorer.exe,0x7ff86ab80000,True,True,True,\Windows\System32\xmllite.dll
8532,explorer.exe,0x7ff86c300000,True,True,True,\Windows\System32\AudioSes.dll
8532,explorer.exe,0x7ff86c0e0000,True,True,True,\Windows\System32\MMDevAPI.dll
8532,explorer.exe,0x7ff870c40000,True,True,True,\Windows\System32\propsys.dll
8532,explorer.exe,0x7ff86d760000,True,True,True,\Windows\System32\cryptnet.dll
8532,explorer.exe,0x7ff86d6a0000,True,True,True,\Windows\System32\policymanager.dll
8532,explorer.exe,0x7ff86e8c0000,True,True,True,\Windows\System32\usbui.dll
8532,explorer.exe,0x7ff86f700000,True,True,True,\Windows\System32\d3d11.dll
8532,explorer.exe,0x7ff86fa40000,True,True,True,\Windows\System32\dcomp.dll
8532,explorer.exe,0x7ff8707b0000,True,True,True,\Windows\System32\CoreMessaging.dll
8532,explorer.exe,0x7ff870df0000,True,True,True,\Windows\System32\WinTypes.dll
8532,explorer.exe,0x7ff8758c0000,True,True,True,\Windows\System32\windows.storage.dll
8532,explorer.exe,0x7ff876080000,True,True,True,\Windows\System32\kernel.appcore.dll
8532,explorer.exe,0x7ff877c80000,True,True,True,\Windows\System32\KernelBase.dll
8532,explorer.exe,0x7ff8768d0000,True,True,True,\Windows\System32\msvcp110_win.dll
8532,explorer.exe,0x7ff876840000,True,True,True,\Windows\System32\rsaenh.dll
8532,explorer.exe,0x7ff877610000,True,True,True,\Windows\System32\powrprof.dll
8532,explorer.exe,0x7ff8771c0000,True,True,True,\Windows\System32\wldp.dll
8532,explorer.exe,0x7ff877aa0000,True,True,True,\Windows\System32\bcryptprimitives.dll
8532,explorer.exe,0x7ff877910000,True,True,True,\Windows\System32\win32u.dll
8532,explorer.exe,0x7ff877b30000,True,True,True,\Windows\System32\msvcp_win.dll
8532,explorer.exe,0x7ff878a90000,True,True,True,\Windows\System32\kernel32.dll
8532,explorer.exe,0x7ff8781f0000,True,True,True,\Windows\System32\SHCore.dll
8532,explorer.exe,0x7ff8780a0000,True,True,True,\Windows\System32\ucrtbase.dll
8532,explorer.exe,0x7ff877f80000,True,True,True,\Windows\System32\gdi32full.dll
8532,explorer.exe,0x7ff8783c0000,True,True,True,\Windows\System32\rpcrt4.dll
8532,explorer.exe,0x7ff878320000,True,True,True,\Windows\System32\sechost.dll
8532,explorer.exe,0x7ff878650000,True,True,True,\Windows\System32\ole32.dll
8532,explorer.exe,0x7ff8784f0000,True,True,True,\Windows\System32\advapi32.dll
8532,explorer.exe,0x7ff8798b0000,True,True,True,\Windows\System32\combase.dll
8532,explorer.exe,0x7ff879780000,True,True,True,\Windows\System32\oleaut32.dll
8532,explorer.exe,0x7ff8792e0000,True,True,True,\Windows\System32\setupapi.dll
8532,explorer.exe,0x7ff878b70000,True,True,True,\Windows\System32\shell32.dll
8532,explorer.exe,0x7ff879750000,True,True,True,\Windows\System32\gdi32.dll
8532,explorer.exe,0x7ff879850000,True,True,True,\Windows\System32\shlwapi.dll
8532,explorer.exe,0x7ff879fd0000,True,True,True,\Windows\System32\ws2_32.dll
8532,explorer.exe,0x7ff879cb0000,True,True,True,\Windows\System32\user32.dll
8532,explorer.exe,0x7ff87a0f0000,True,True,True,\Windows\System32\msvcrt.dll
8532,explorer.exe,0x7ff87a1d0000,True,True,True,\Windows\System32\ntdll.dll
9164,SmartAudio3.ex,0x9a0000,True,False,True,\Program Files\CONEXANT\SA3\HP-NB-AIO\SmartAudio3.exe
9164,SmartAudio3.ex,0x1d680000,False,False,False,\Windows\System32\en-US\MMDevAPI.dll.mui
9164,SmartAudio3.ex,0x7ff86c0e0000,True,True,True,\Windows\System32\MMDevAPI.dll
1256,svchost.exe,0x7ff833040000,True,True,True,\Windows\System32\Unistore.dll
1256,svchost.exe,0x7ff716600000,True,False,True,\Windows\System32\svchost.exe
9416,svchost.exe,0x2472fc80000,False,False,False,\Windows\System32\en-US\windows.applicationmodel.datatransfer.dll.mui
9416,svchost.exe,0x2472fc90000,False,False,False,\Windows\System32\en-US\KernelBase.dll.mui
9416,svchost.exe,0x24730360000,False,False,False,\Windows\System32\en-US\windows.storage.dll.mui
9416,svchost.exe,0x7ff877aa0000,True,True,True,\Windows\System32\bcryptprimitives.dll
9416,svchost.exe,0x7ff84cdd0000,True,True,True,\Windows\System32\cdp.dll
9416,svchost.exe,0x7ff716600000,True,False,True,\Windows\System32\svchost.exe
9416,svchost.exe,0x7ff82e0e0000,True,True,True,\Windows\System32\CBDHSvc.dll
9416,svchost.exe,0x7ff82de60000,True,True,True,\Windows\System32\windows.applicationmodel.datatransfer.dll
9416,svchost.exe,0x7ff8446c0000,True,True,True,\Windows\System32\AppResolver.dll
9416,svchost.exe,0x7ff853110000,True,True,True,\Windows\System32\Windows.Web.dll
9416,svchost.exe,0x7ff856290000,True,True,True,\Windows\System32\Windows.StateRepositoryPS.dll
9416,svchost.exe,0x7ff85dd60000,True,True,True,\Windows\System32\BCP47Langs.dll
9416,svchost.exe,0x7ff85e980000,True,True,True,\Windows\System32\Windows.Storage.Compression.dll
9416,svchost.exe,0x7ff876080000,True,True,True,\Windows\System32\kernel.appcore.dll
9416,svchost.exe,0x7ff867db0000,True,True,True,\Windows\System32\Windows.Shell.ServiceHostBuilder.dll
9416,svchost.exe,0x7ff8686c0000,True,True,True,\Windows\System32\iertutil.dll
9416,svchost.exe,0x7ff86ab50000,True,True,True,\Windows\System32\cabinet.dll
9416,svchost.exe,0x7ff86ffc0000,True,True,True,\Windows\System32\CoreUIComponents.dll
9416,svchost.exe,0x7ff86e570000,True,True,True,\Windows\System32\CryptoWinRT.dll
9416,svchost.exe,0x7ff8707b0000,True,True,True,\Windows\System32\CoreMessaging.dll
9416,svchost.exe,0x7ff870df0000,True,True,True,\Windows\System32\WinTypes.dll
9416,svchost.exe,0x7ff8758c0000,True,True,True,\Windows\System32\windows.storage.dll
9416,svchost.exe,0x7ff876370000,True,True,True,\Windows\System32\slc.dll
9416,svchost.exe,0x7ff876340000,True,True,True,\Windows\System32\sppc.dll
9416,svchost.exe,0x7ff8778e0000,True,True,True,\Windows\System32\bcrypt.dll
9416,svchost.exe,0x7ff877740000,True,True,True,\Windows\System32\sspicli.dll
9416,svchost.exe,0x7ff877710000,True,True,True,\Windows\System32\userenv.dll
9416,svchost.exe,0x7ff877790000,True,True,True,\Windows\System32\profapi.dll
9416,svchost.exe,0x7ff878320000,True,True,True,\Windows\System32\sechost.dll
9416,svchost.exe,0x7ff877c80000,True,True,True,\Windows\System32\KernelBase.dll
9416,svchost.exe,0x7ff877b30000,True,True,True,\Windows\System32\msvcp_win.dll
9416,svchost.exe,0x7ff8780a0000,True,True,True,\Windows\System32\ucrtbase.dll
9416,svchost.exe,0x7ff8781f0000,True,True,True,\Windows\System32\SHCore.dll
9416,svchost.exe,0x7ff8798b0000,True,True,True,\Windows\System32\combase.dll
9416,svchost.exe,0x7ff878a90000,True,True,True,\Windows\System32\kernel32.dll
9416,svchost.exe,0x7ff8783c0000,True,True,True,\Windows\System32\rpcrt4.dll
9416,svchost.exe,0x7ff878650000,True,True,True,\Windows\System32\ole32.dll
9416,svchost.exe,0x7ff879780000,True,True,True,\Windows\System32\oleaut32.dll
9416,svchost.exe,0x7ff879750000,True,True,True,\Windows\System32\gdi32.dll
9416,svchost.exe,0x7ff878b70000,True,True,True,\Windows\System32\shell32.dll
9416,svchost.exe,0x7ff879850000,True,True,True,\Windows\System32\shlwapi.dll
9416,svchost.exe,0x7ff879cb0000,True,True,True,\Windows\System32\user32.dll
9416,svchost.exe,0x7ff87a0f0000,True,True,True,\Windows\System32\msvcrt.dll
9416,svchost.exe,0x7ff87a1d0000,True,True,True,\Windows\System32\ntdll.dllTraceback (most recent call last):
