Type,Callback,Module,Symbol,Detail
Type,Callback,Module,Symbol,Detail
PspLoadImageNotifyRoutine,0xf8061f0884c0,WdFilter,-,N/A
PspLoadImageNotifyRoutine,0xf806227717c0,ahcache,-,N/A
PspLoadImageNotifyRoutine,0xf8064ea0c960,KslD,-,N/A
PspCreateThreadNotifyRoutine,0xf8061f080e50,WdFilter,-,N/A
PspCreateThreadNotifyRoutine,0xf8061f08fef0,WdFilter,-,N/A
PspCreateThreadNotifyRoutine,0xf80622675ea0,cbfs22,-,N/A
PspCreateThreadNotifyRoutine,0xf806226f3db0,cbdisk22,-,N/A
PspCreateThreadNotifyRoutine,0xf80633d81060,mmcss,-,N/A
PspCreateThreadNotifyRoutine,0xf8064ea0ca00,KslD,-,N/A
PspCreateThreadNotifyRoutine,0xf8064ea0caa0,KslD,-,N/A
PspCreateProcessNotifyRoutine,0xf80619925750,ntoskrnl,ViCreateProcessCallback,N/A
PspCreateProcessNotifyRoutine,0xf8061e4f7070,cng,-,N/A
PspCreateProcessNotifyRoutine,0xf8061f091a10,WdFilter,-,N/A
PspCreateProcessNotifyRoutine,0xf8061e33e420,ksecdd,??_C@_0N@MECPHOOJ@IdleStateMax@,N/A
PspCreateProcessNotifyRoutine,0xf8061f448780,tcpip,-,N/A
PspCreateProcessNotifyRoutine,0xf8061f9bd930,iorate,-,N/A
PspCreateProcessNotifyRoutine,0xf8061e47fd20,CI,-,N/A
PspCreateProcessNotifyRoutine,0xf80620b768a0,dxgkrnl,-,N/A
PspCreateProcessNotifyRoutine,0xf8063454f170,idmwfp,-,N/A
PspCreateProcessNotifyRoutine,0xf8064f5f3ce0,peauth,-,N/A
PspCreateProcessNotifyRoutine,0xf8064ea0cb40,KslD,-,N/A
KeBugCheckCallbackListHead,0xf8061ecef990,NDIS,-,Ndis miniport
KeBugCheckCallbackListHead,0xf8061ecef990,NDIS,-,Ndis miniport
KeBugCheckCallbackListHead,0xf8061ecef990,NDIS,-,Ndis miniport
KeBugCheckCallbackListHead,0xf8061f7dc650,fvevol,-,fvevol
CmRegisterCallbackEx,0xf8061f06ba70,WdFilter,-,Altitude: 425000
CmRegisterCallbackEx,0xf80620b37470,UCPD,-,Altitude: 385250.5
CmRegisterCallbackEx,0xf80619bd3fd0,ntoskrnl,VrpRegistryCallback,Altitude: 189900
GenericKernelCallback,0xf80619925750,ntoskrnl,ViCreateProcessCallback,N/A
IoRegisterShutdownNotification,0xf806199107b0,ntoskrnl,IopInvalidDeviceRequest,\Driver\WMIxWDM
GenericKernelCallback,0xf8061e4f7070,cng,-,N/A
IoRegisterShutdownNotification,0xf80619f0f0d0,ntoskrnl,RawShutdown,\FileSystem\RAW
IoRegisterShutdownNotification,0xf8061ea53c20,spaceport,-,\Driver\spaceport
IoRegisterShutdownNotification,0xf8061eaf4b80,volmgr,-,\Driver\volmgr
GenericKernelCallback,0xf8061f091a10,WdFilter,-,N/A
GenericKernelCallback,0xf8061f0884c0,WdFilter,-,N/A
GenericKernelCallback,0xf8061f080e50,WdFilter,-,N/A
GenericKernelCallback,0xf8061f08fef0,WdFilter,-,N/A
IoRegisterShutdownNotification,0xf8061eea1a00,mountmgr,-,\Driver\mountmgr
IoRegisterShutdownNotification,0xf8061e33f080,ksecdd,DEVPKEY_Device_DevNodeStatusStarted,\Driver\KSecDD
GenericKernelCallback,0xf8061f448780,tcpip,-,N/A
GenericKernelCallback,0xf8061e33e420,ksecdd,??_C@_0N@MECPHOOJ@IdleStateMax@,N/A
GenericKernelCallback,0xf8061f9bd930,iorate,-,N/A
IoRegisterShutdownNotification,0xf806215734f0,Accelerometer,-,\Driver\Accelerometer
GenericKernelCallback,0xf8061e47fd20,CI,-,N/A
GenericKernelCallback,0xf80620b768a0,dxgkrnl,-,N/A
IoRegisterShutdownNotification,0xf80620dd17c0,dxgkrnl,-,\Driver\DXGKrnl
GenericKernelCallback,0xf806226f3db0,cbdisk22,-,N/A
IoRegisterShutdownNotification,0xf806213a4f60,csc,-,\Driver\CSC
IoRegisterShutdownNotification,0xf806227939e0,ahcache,-,\Driver\ahcache
GenericKernelCallback,0xf806227717c0,ahcache,-,N/A
GenericKernelCallback,0xf80622675ea0,cbfs22,-,N/A
IoRegisterShutdownNotification,0xf8062d1c55f0,RtsPer,-,\Driver\RTSPER
IoRegisterShutdownNotification,0xf8061e5ba7b0,Wdf01000,-,\Driver\SynTP
IoRegisterShutdownNotification,0xf8061e5ba7b0,Wdf01000,-,\Driver\USBHUB3
IoRegisterShutdownNotification,0xf806339bf724,SPUVCbv64,-,\Driver\SPUVCbv
GenericKernelCallback,0xfc53b58010a0,win32k,-,N/A
GenericKernelCallback,0xfc53b632b4a0,win32kbase,-,N/A
GenericKernelCallback,0xf8064ea0ca00,KslD,-,N/A
IoRegisterShutdownNotification,0xf8061e5ba7b0,Wdf01000,-,\Driver\KslD
IoRegisterShutdownNotification,0xf8061e5ba7b0,Wdf01000,-,\Driver\KslD
GenericKernelCallback,0xf8064ea0cb40,KslD,-,N/A
GenericKernelCallback,0xf8064ea0c960,KslD,-,N/A
GenericKernelCallback,0xf8064ea0caa0,KslD,-,N/A
GenericKernelCallback,0xf80633d81060,mmcss,-,N/A
GenericKernelCallback,0xf8063454f170,idmwfp,-,N/A
GenericKernelCallback,0xf8064f5f3ce0,peauth,-,N/A
IoRegisterShutdownNotification,0xac81fae72a85,-,-,N/A
IoRegisterFsRegistrationChange,0xf80618cf67e0,FLTMGR,-,N/A
GenericKernelCallback,0x894808708948,-,-,N/A
IoRegisterShutdownNotification,0xf80619dbe665,ntoskrnl,-,N/A
IoRegisterShutdownNotification,0xf80619dbe6e5,ntoskrnl,-,N/A
IoRegisterFsRegistrationChange,0x1e850f21394c,-,-,N/A
