PID,PPID,ImageFileName,Offset(V),Threads,Handles,SessionId,Wow64,CreateTime,ExitTime,File output
PID,PPID,ImageFileName,Offset(V),Threads,Handles,SessionId,Wow64,CreateTime,ExitTime,File output
4,0,System,0x898e89c85040,191,-,N/A,False,2025-07-09 18:33:32.000000 UTC,N/A,Disabled
100,4,Registry,0x898e89d06080,4,-,N/A,False,2025-07-09 18:33:29.000000 UTC,N/A,Disabled
440,4,smss.exe,0x898e8bed6080,2,-,N/A,False,2025-07-09 18:33:32.000000 UTC,N/A,Disabled
612,584,csrss.exe,0x898e8db782c0,12,-,0,False,2025-07-09 18:33:40.000000 UTC,N/A,Disabled
700,584,wininit.exe,0x898e976b10c0,1,-,0,False,2025-07-09 18:33:40.000000 UTC,N/A,Disabled
708,692,csrss.exe,0x898e976b92c0,26,-,1,False,2025-07-09 18:33:40.000000 UTC,N/A,Disabled
776,700,services.exe,0x898e976bf100,8,-,0,False,2025-07-09 18:33:40.000000 UTC,N/A,Disabled
808,692,winlogon.exe,0x898e97c9c0c0,6,-,1,False,2025-07-09 18:33:40.000000 UTC,N/A,Disabled
828,700,lsass.exe,0x898e97ca2080,11,-,0,False,2025-07-09 18:33:40.000000 UTC,N/A,Disabled
980,776,svchost.exe,0x898e98228080,15,-,0,False,2025-07-09 18:33:41.000000 UTC,N/A,Disabled
1000,808,fontdrvhost.ex,0x898e98231080,5,-,1,False,2025-07-09 18:33:41.000000 UTC,N/A,Disabled
1008,700,fontdrvhost.ex,0x898e98230080,5,-,0,False,2025-07-09 18:33:41.000000 UTC,N/A,Disabled
548,776,WUDFHost.exe,0x898e982560c0,14,-,0,False,2025-07-09 18:33:41.000000 UTC,N/A,Disabled
768,776,svchost.exe,0x898e982ab240,12,-,0,False,2025-07-09 18:33:41.000000 UTC,N/A,Disabled
1048,776,svchost.exe,0x898e982b6080,6,-,0,False,2025-07-09 18:33:41.000000 UTC,N/A,Disabled
1164,776,WUDFHost.exe,0x898e98d80080,8,-,0,False,2025-07-09 18:33:41.000000 UTC,N/A,Disabled
1272,776,svchost.exe,0x898e9a828080,6,-,0,False,2025-07-09 18:33:41.000000 UTC,N/A,Disabled
1336,776,svchost.exe,0x898e9a843080,11,-,0,False,2025-07-09 18:33:41.000000 UTC,N/A,Disabled
1344,776,IntelCpHDCPSvc,0x898e9a842080,3,-,0,False,2025-07-09 18:33:41.000000 UTC,N/A,Disabled
1392,776,svchost.exe,0x898e9a877080,1,-,0,False,2025-07-09 18:33:41.000000 UTC,N/A,Disabled
1468,808,dwm.exe,0x898e9a90b080,15,-,1,False,2025-07-09 18:33:41.000000 UTC,N/A,Disabled
1480,776,svchost.exe,0x898e9a9130c0,7,-,0,False,2025-07-09 18:33:41.000000 UTC,N/A,Disabled
1724,776,IntelCpHeciSvc,0x898e9a9a2080,3,-,0,False,2025-07-09 18:33:41.000000 UTC,N/A,Disabled
1756,776,svchost.exe,0x898e97457080,4,-,0,False,2025-07-09 18:33:41.000000 UTC,N/A,Disabled
1836,776,svchost.exe,0x898e9a97d080,6,-,0,False,2025-07-09 18:33:41.000000 UTC,N/A,Disabled
1944,776,svchost.exe,0x898e974d7080,2,-,0,False,2025-07-09 18:33:41.000000 UTC,N/A,Disabled
1960,776,svchost.exe,0x898e974da0c0,3,-,0,False,2025-07-09 18:33:41.000000 UTC,N/A,Disabled
1968,776,svchost.exe,0x898e8d00d080,2,-,0,False,2025-07-09 18:33:41.000000 UTC,N/A,Disabled
1972,776,svchost.exe,0x898e974c90c0,4,-,0,False,2025-07-09 18:33:41.000000 UTC,N/A,Disabled
2064,4,MemCompression,0x898e98f75080,126,-,N/A,False,2025-07-09 18:33:41.000000 UTC,N/A,Disabled
2092,776,svchost.exe,0x898e98f7a080,5,-,0,False,2025-07-09 18:33:41.000000 UTC,N/A,Disabled
2112,776,svchost.exe,0x898e98f79080,10,-,0,False,2025-07-09 18:33:41.000000 UTC,N/A,Disabled
2144,776,svchost.exe,0x898e98f9e080,2,-,0,False,2025-07-09 18:33:41.000000 UTC,N/A,Disabled
2220,776,igfxCUIService,0x898e91b740c0,2,-,0,False,2025-07-09 18:33:41.000000 UTC,N/A,Disabled
2304,776,svchost.exe,0x898e91bc4080,3,-,0,False,2025-07-09 18:33:41.000000 UTC,N/A,Disabled
2376,776,svchost.exe,0x898e9224d080,5,-,0,False,2025-07-09 18:33:41.000000 UTC,N/A,Disabled
2384,776,svchost.exe,0x898e92250080,4,-,0,False,2025-07-09 18:33:41.000000 UTC,N/A,Disabled
2396,776,svchost.exe,0x898e92259080,13,-,0,False,2025-07-09 18:33:41.000000 UTC,N/A,Disabled
2512,776,svchost.exe,0x898e92158080,12,-,0,False,2025-07-09 18:33:42.000000 UTC,N/A,Disabled
2760,776,svchost.exe,0x898e921a7080,6,-,0,False,2025-07-09 18:33:42.000000 UTC,N/A,Disabled
2800,776,svchost.exe,0x898e98411080,4,-,0,False,2025-07-09 18:33:42.000000 UTC,N/A,Disabled
2908,776,svchost.exe,0x898e984780c0,9,-,0,False,2025-07-09 18:33:42.000000 UTC,N/A,Disabled
2988,776,svchost.exe,0x898e98493080,12,-,0,False,2025-07-09 18:33:42.000000 UTC,N/A,Disabled
2748,776,svchost.exe,0x898e9777b080,5,-,0,False,2025-07-09 18:33:43.000000 UTC,N/A,Disabled
2928,776,svchost.exe,0x898e9777c080,14,-,0,False,2025-07-09 18:33:43.000000 UTC,N/A,Disabled
3172,776,svchost.exe,0x898e97776080,14,-,0,False,2025-07-09 18:33:43.000000 UTC,N/A,Disabled
3308,776,svchost.exe,0x898e96bb2080,8,-,0,False,2025-07-09 18:33:43.000000 UTC,N/A,Disabled
3388,3172,wlanext.exe,0x898e96bd9080,3,-,0,False,2025-07-09 18:33:43.000000 UTC,N/A,Disabled
3396,3388,conhost.exe,0x898e96bde080,2,-,0,False,2025-07-09 18:33:43.000000 UTC,N/A,Disabled
3432,776,spoolsv.exe,0x898e96bdd080,7,-,0,False,2025-07-09 18:33:43.000000 UTC,N/A,Disabled
3484,776,svchost.exe,0x898e97959080,4,-,0,False,2025-07-09 18:33:43.000000 UTC,N/A,Disabled
3528,776,svchost.exe,0x898e97958080,4,-,0,False,2025-07-09 18:33:43.000000 UTC,N/A,Disabled
3556,776,svchost.exe,0x898e979bb080,12,-,0,False,2025-07-09 18:33:43.000000 UTC,N/A,Disabled
3640,776,svchost.exe,0x898e9799b0c0,3,-,0,False,2025-07-09 18:33:43.000000 UTC,N/A,Disabled
3812,776,svchost.exe,0x898e98891240,2,-,0,False,2025-07-09 18:33:44.000000 UTC,N/A,Disabled
3820,776,svchost.exe,0x898e988890c0,1,-,0,False,2025-07-09 18:33:44.000000 UTC,N/A,Disabled
3828,776,AppleMobileDev,0x898e9195b080,11,-,0,False,2025-07-09 18:33:44.000000 UTC,N/A,Disabled
3836,776,mDNSResponder.,0x898e919540c0,2,-,0,False,2025-07-09 18:33:44.000000 UTC,N/A,Disabled
3844,776,agent_ovpnconn,0x898e9195c080,3,-,0,False,2025-07-09 18:33:44.000000 UTC,N/A,Disabled
3852,776,svchost.exe,0x898e91959080,8,-,0,False,2025-07-09 18:33:44.000000 UTC,N/A,Disabled
3868,776,OfficeClickToR,0x898e9195a080,21,-,0,False,2025-07-09 18:33:44.000000 UTC,N/A,Disabled
3876,776,CxMonSvc.exe,0x898e9195d080,8,-,0,False,2025-07-09 18:33:44.000000 UTC,N/A,Disabled
3908,776,CxUtilSvc.exe,0x898e919dd080,2,-,0,True,2025-07-09 18:33:44.000000 UTC,N/A,Disabled
3920,776,svchost.exe,0x898e919de080,1,-,0,False,2025-07-09 18:33:44.000000 UTC,N/A,Disabled
3976,776,svchost.exe,0x898e91e17080,17,-,0,False,2025-07-09 18:33:44.000000 UTC,N/A,Disabled
3996,776,fpCSEvtSvc.exe,0x898e91e1a080,3,-,0,False,2025-07-09 18:33:44.000000 UTC,N/A,Disabled
4004,776,svchost.exe,0x898e91e1d080,18,-,0,False,2025-07-09 18:33:44.000000 UTC,N/A,Disabled
4056,776,ibtsiva.exe,0x898e91e4c080,1,-,0,False,2025-07-09 18:33:44.000000 UTC,N/A,Disabled
1920,776,svchost.exe,0x898e91e570c0,5,-,0,False,2025-07-09 18:33:44.000000 UTC,N/A,Disabled
2552,776,svchost.exe,0x898e91e66180,4,-,0,False,2025-07-09 18:33:44.000000 UTC,N/A,Disabled
4120,776,MpDefenderCore,0x898e91ed9080,10,-,0,False,2025-07-09 18:33:44.000000 UTC,N/A,Disabled
4132,776,LMS.exe,0x898e91edd080,8,-,0,True,2025-07-09 18:33:44.000000 UTC,N/A,Disabled
4152,776,ovpnhelper_ser,0x898e91eea080,3,-,0,False,2025-07-09 18:33:44.000000 UTC,N/A,Disabled
4204,776,pg_ctl.exe,0x898e9686d080,2,-,0,False,2025-07-09 18:33:44.000000 UTC,N/A,Disabled
4228,776,svchost.exe,0x898e96873080,1,-,0,False,2025-07-09 18:33:44.000000 UTC,N/A,Disabled
4244,776,sqlwriter.exe,0x898e968440c0,2,-,0,False,2025-07-09 18:33:44.000000 UTC,N/A,Disabled
4268,776,svchost.exe,0x898e96847080,4,-,0,False,2025-07-09 18:33:44.000000 UTC,N/A,Disabled
4352,776,TeamViewer_Ser,0x898e96893080,19,-,0,False,2025-07-09 18:33:44.000000 UTC,N/A,Disabled
4380,776,valWBFPolicySe,0x898e968922c0,4,-,0,False,2025-07-09 18:33:44.000000 UTC,N/A,Disabled
4388,776,svchost.exe,0x898e9176c080,3,-,0,False,2025-07-09 18:33:44.000000 UTC,N/A,Disabled
4396,776,XtuService.exe,0x898e9176f080,9,-,0,False,2025-07-09 18:33:44.000000 UTC,N/A,Disabled
4404,776,SynTPEnhServic,0x898e917640c0,3,-,0,False,2025-07-09 18:33:44.000000 UTC,N/A,Disabled
4412,776,vmnat.exe,0x898e9176b080,4,-,0,True,2025-07-09 18:33:44.000000 UTC,N/A,Disabled
4420,776,vmnetdhcp.exe,0x898e91772080,2,-,0,True,2025-07-09 18:33:44.000000 UTC,N/A,Disabled
4428,776,vmware-usbarbi,0x898e91773080,3,-,0,False,2025-07-09 18:33:44.000000 UTC,N/A,Disabled
4444,776,MsMpEng.exe,0x898e9176d080,27,-,0,False,2025-07-09 18:33:44.000000 UTC,N/A,Disabled
4468,776,svchost.exe,0x898e9178b080,5,-,0,False,2025-07-09 18:33:44.000000 UTC,N/A,Disabled
4484,776,vmware-authd.e,0x898e9178e080,4,-,0,True,2025-07-09 18:33:44.000000 UTC,N/A,Disabled
4744,3920,dasHost.exe,0x898e9a599080,2,-,0,False,2025-07-09 18:33:44.000000 UTC,N/A,Disabled
4756,776,svchost.exe,0x898e9a59a080,3,-,0,False,2025-07-09 18:33:44.000000 UTC,N/A,Disabled
5088,776,svchost.exe,0x898e973de0c0,12,-,0,False,2025-07-09 18:33:44.000000 UTC,N/A,Disabled
5324,2112,DeviceEnroller,0x898e8df62080,0,-,0,False,2025-07-09 18:33:45.000000 UTC,2025-07-09 18:33:54.000000 UTC,Disabled
5536,776,svchost.exe,0x898e9127b300,6,-,0,False,2025-07-09 18:33:45.000000 UTC,N/A,Disabled
5836,776,svchost.exe,0x898e91881080,1,-,0,False,2025-07-09 18:33:45.000000 UTC,N/A,Disabled
5872,980,dllhost.exe,0x898e91894080,5,-,0,False,2025-07-09 18:33:45.000000 UTC,N/A,Disabled
6048,4204,postgres.exe,0x898e9187e0c0,3,-,0,False,2025-07-09 18:33:46.000000 UTC,N/A,Disabled
6056,6048,conhost.exe,0x898e91d66080,4,-,0,False,2025-07-09 18:33:46.000000 UTC,N/A,Disabled
6092,776,svchost.exe,0x898e91dec080,3,-,0,False,2025-07-09 18:33:46.000000 UTC,N/A,Disabled
6060,6048,postgres.exe,0x898e91d16080,3,-,0,False,2025-07-09 18:33:46.000000 UTC,N/A,Disabled
4108,6048,postgres.exe,0x898e92008340,2,-,0,False,2025-07-09 18:33:46.000000 UTC,N/A,Disabled
1616,6048,postgres.exe,0x898e9200e340,2,-,0,False,2025-07-09 18:33:46.000000 UTC,N/A,Disabled
6192,776,SearchIndexer.,0x898e89d1a080,21,-,0,False,2025-07-09 18:33:47.000000 UTC,N/A,Disabled
6212,6048,postgres.exe,0x898e89d8d080,2,-,0,False,2025-07-09 18:33:47.000000 UTC,N/A,Disabled
6220,6048,postgres.exe,0x898e89d8b080,2,-,0,False,2025-07-09 18:33:47.000000 UTC,N/A,Disabled
6228,6048,postgres.exe,0x898e89d8f080,2,-,0,False,2025-07-09 18:33:47.000000 UTC,N/A,Disabled
6484,980,WmiPrvSE.exe,0x898e96881080,5,-,0,False,2025-07-09 18:33:47.000000 UTC,N/A,Disabled
6548,3976,AggregatorHost,0x898e964c9080,5,-,0,False,2025-07-09 18:33:51.000000 UTC,N/A,Disabled
7048,776,svchost.exe,0x898e96a93340,10,-,0,False,2025-07-09 18:33:52.000000 UTC,N/A,Disabled
6368,776,NisSrv.exe,0x898e96db3080,3,-,0,False,2025-07-09 18:34:03.000000 UTC,N/A,Disabled
7272,776,svchost.exe,0x898e96de2080,10,-,0,False,2025-07-09 18:34:34.000000 UTC,N/A,Disabled
7396,776,svchost.exe,0x898e97ea1080,8,-,0,False,2025-07-09 18:34:34.000000 UTC,N/A,Disabled
7548,776,svchost.exe,0x898e97015080,1,-,0,False,2025-07-09 18:34:34.000000 UTC,N/A,Disabled
7728,776,svchost.exe,0x898e97f59080,1,-,0,False,2025-07-09 18:34:35.000000 UTC,N/A,Disabled
7780,776,svchost.exe,0x898e97f58080,2,-,0,False,2025-07-09 18:34:35.000000 UTC,N/A,Disabled
5612,776,svchost.exe,0x898e96598080,9,-,0,False,2025-07-09 18:35:48.000000 UTC,N/A,Disabled
2028,776,Microsoft.Mana,0x898e97dea080,13,-,0,True,2025-07-09 18:35:49.000000 UTC,N/A,Disabled
3444,776,sqlservr.exe,0x898e97f52080,72,-,0,False,2025-07-09 18:35:51.000000 UTC,N/A,Disabled
7992,776,sqlceip.exe,0x898e97f4b080,10,-,0,False,2025-07-09 18:35:54.000000 UTC,N/A,Disabled
6152,776,svchost.exe,0x898e91b7b080,6,-,0,False,2025-07-09 18:35:54.000000 UTC,N/A,Disabled
2672,776,svchost.exe,0x898e97deb080,8,-,0,False,2025-07-09 18:35:54.000000 UTC,N/A,Disabled
728,776,svchost.exe,0x898e97f51080,5,-,0,False,2025-07-09 18:49:47.000000 UTC,N/A,Disabled
1408,4404,SynTPEnh.exe,0x898e97e91080,11,-,1,False,2025-07-10 01:41:07.000000 UTC,N/A,Disabled
7612,3060,HPHotkeyNotifi,0x898e9a9a8080,4,-,1,False,2025-07-10 01:41:08.000000 UTC,N/A,Disabled
5956,1408,SynTPEnh.exe,0x898e97bf3080,0,-,1,False,2025-07-10 01:41:08.000000 UTC,2025-07-10 01:41:10.000000 UTC,Disabled
2684,2760,sihost.exe,0x898e97fba080,8,-,1,False,2025-07-10 01:41:08.000000 UTC,N/A,Disabled
1768,776,svchost.exe,0x898e97f4c080,10,-,1,False,2025-07-10 01:41:08.000000 UTC,N/A,Disabled
2332,776,svchost.exe,0x898e9a5f9080,8,-,1,False,2025-07-10 01:41:08.000000 UTC,N/A,Disabled
8180,2112,MicTray64.exe,0x898e92175080,4,-,1,False,2025-07-10 01:41:08.000000 UTC,N/A,Disabled
7284,776,svchost.exe,0x898e97ad4080,10,-,0,False,2025-07-10 01:41:08.000000 UTC,N/A,Disabled
3992,2112,taskhostw.exe,0x898e980e7080,8,-,1,False,2025-07-10 01:41:08.000000 UTC,N/A,Disabled
7264,2220,igfxEM.exe,0x898e9819f080,9,-,1,False,2025-07-10 01:41:08.000000 UTC,N/A,Disabled
4316,776,svchost.exe,0x898e9899e080,5,-,0,False,2025-07-10 01:41:08.000000 UTC,N/A,Disabled
7760,776,svchost.exe,0x898e96df7080,1,-,0,False,2025-07-10 01:41:08.000000 UTC,N/A,Disabled
4476,776,svchost.exe,0x898e97fe0080,3,-,0,False,2025-07-10 01:41:09.000000 UTC,N/A,Disabled
8252,4476,ctfmon.exe,0x898e97ff9080,9,-,1,False,2025-07-10 01:41:09.000000 UTC,N/A,Disabled
8348,5956,SynTPHelper.ex,0x898e97ff8080,1,-,1,False,2025-07-10 01:41:09.000000 UTC,N/A,Disabled
8428,980,unsecapp.exe,0x898e98abb080,2,-,1,False,2025-07-10 01:41:09.000000 UTC,N/A,Disabled
8512,808,userinit.exe,0x898e985d22c0,0,-,1,False,2025-07-10 01:41:10.000000 UTC,2025-07-10 01:41:48.000000 UTC,Disabled
8532,8512,explorer.exe,0x898e98570080,77,-,1,False,2025-07-10 01:41:10.000000 UTC,N/A,Disabled
9048,3876,sacpl.exe,0x898e97be6080,0,-,1,True,2025-07-10 01:41:11.000000 UTC,2025-07-10 01:41:12.000000 UTC,Disabled
9164,9048,SmartAudio3.ex,0x898e97fc80c0,18,-,1,False,2025-07-10 01:41:12.000000 UTC,N/A,Disabled
1256,776,svchost.exe,0x898e97dfc080,5,-,1,False,2025-07-10 01:41:15.000000 UTC,N/A,Disabled
536,980,dllhost.exe,0x898e9abbd080,6,-,1,False,2025-07-10 01:41:16.000000 UTC,N/A,Disabled
9416,776,svchost.exe,0x898e9947a080,10,-,1,False,2025-07-10 01:41:19.000000 UTC,N/A,Disabled
10200,980,StartMenuExper,0x898e99091080,7,-,1,False,2025-07-10 01:41:20.000000 UTC,N/A,Disabled
10280,980,RuntimeBroker.,0x898e991020c0,1,-,1,False,2025-07-10 01:41:21.000000 UTC,N/A,Disabled
10512,980,RuntimeBroker.,0x898e99172080,18,-,1,False,2025-07-10 01:41:22.000000 UTC,N/A,Disabled
10848,980,WhatsApp.exe,0x898e9abc0080,0,-,1,False,2025-07-10 01:41:24.000000 UTC,2025-07-10 07:30:53.000000 UTC,Disabled
11344,776,svchost.exe,0x898e9a405080,8,-,0,False,2025-07-10 01:41:29.000000 UTC,N/A,Disabled
11428,980,TextInputHost.,0x898e923c2080,15,-,1,False,2025-07-10 01:41:30.000000 UTC,N/A,Disabled
12012,8532,OpenVPNConnect,0x898e9a7670c0,0,-,1,False,2025-07-10 01:41:34.000000 UTC,2025-07-10 01:41:54.000000 UTC,Disabled
12080,8532,Microsoft.Shar,0x898e9a408080,19,-,1,False,2025-07-10 01:41:35.000000 UTC,N/A,Disabled
12240,980,CastSrv.exe,0x898e978ae080,8,-,1,False,2025-07-10 01:41:36.000000 UTC,N/A,Disabled
9132,4700,Discord.exe,0x898e9ad240c0,55,-,1,False,2025-07-10 01:41:37.000000 UTC,N/A,Disabled
7108,12012,OpenVPNConnect,0x898e9add00c0,43,-,1,False,2025-07-10 01:41:37.000000 UTC,N/A,Disabled
12328,9132,Discord.exe,0x898e9ac89180,7,-,1,False,2025-07-10 01:41:38.000000 UTC,N/A,Disabled
12472,776,svchost.exe,0x898e96fd3080,3,-,0,False,2025-07-10 01:41:39.000000 UTC,N/A,Disabled
12596,9132,Discord.exe,0x898e9a4c5340,16,-,1,False,2025-07-10 01:41:39.000000 UTC,N/A,Disabled
12644,9132,Discord.exe,0x898e9a4bc080,15,-,1,False,2025-07-10 01:41:39.000000 UTC,N/A,Disabled
12736,7108,OpenVPNConnect,0x898e97508200,14,-,1,False,2025-07-10 01:41:39.000000 UTC,N/A,Disabled
12768,7108,OpenVPNConnect,0x898e96f03080,12,-,1,False,2025-07-10 01:41:39.000000 UTC,N/A,Disabled
12812,8532,LinkedIn.exe,0x898e97507080,21,-,1,False,2025-07-10 01:41:39.000000 UTC,N/A,Disabled
13264,7108,OpenVPNConnect,0x898e913e60c0,15,-,1,False,2025-07-10 01:41:41.000000 UTC,N/A,Disabled
12920,980,CompPkgSrv.exe,0x898e9a6f7240,1,-,1,False,2025-07-10 01:41:41.000000 UTC,N/A,Disabled
14328,9132,Discord.exe,0x898e90a39080,36,-,1,False,2025-07-10 01:41:47.000000 UTC,N/A,Disabled
11508,13428,msedge.exe,0x898e9082d300,66,-,1,False,2025-07-10 01:41:47.000000 UTC,N/A,Disabled
9144,11508,msedge.exe,0x898e913e9080,7,-,1,False,2025-07-10 01:41:49.000000 UTC,N/A,Disabled
13756,980,RuntimeBroker.,0x898e91418080,1,-,1,False,2025-07-10 01:41:49.000000 UTC,N/A,Disabled
14100,11508,msedge.exe,0x898e913eb080,17,-,1,False,2025-07-10 01:41:49.000000 UTC,N/A,Disabled
14192,11508,msedge.exe,0x898e90a06080,22,-,1,False,2025-07-10 01:41:49.000000 UTC,N/A,Disabled
14108,11508,msedge.exe,0x898e90bdd080,10,-,1,False,2025-07-10 01:41:49.000000 UTC,N/A,Disabled
14356,11508,msedge.exe,0x898e9145d080,17,-,1,False,2025-07-10 01:41:50.000000 UTC,N/A,Disabled
14700,12812,msedgewebview2,0x898e8d8020c0,49,-,1,False,2025-07-10 01:41:52.000000 UTC,N/A,Disabled
14728,14700,msedgewebview2,0x898e98d9a080,7,-,1,False,2025-07-10 01:41:52.000000 UTC,N/A,Disabled
14984,14700,msedgewebview2,0x898e9a673080,19,-,1,False,2025-07-10 01:41:53.000000 UTC,N/A,Disabled
14992,14700,msedgewebview2,0x898e90fc50c0,16,-,1,False,2025-07-10 01:41:53.000000 UTC,N/A,Disabled
15036,14700,msedgewebview2,0x898e9a672080,8,-,1,False,2025-07-10 01:41:53.000000 UTC,N/A,Disabled
15136,14700,msedgewebview2,0x898e9a675080,18,-,1,False,2025-07-10 01:41:53.000000 UTC,N/A,Disabled
11692,14700,msedgewebview2,0x898e9adcc300,10,-,1,False,2025-07-10 01:41:58.000000 UTC,N/A,Disabled
14268,14700,msedgewebview2,0x898e92687080,14,-,1,False,2025-07-10 01:42:00.000000 UTC,N/A,Disabled
15556,776,svchost.exe,0x898e9a6b3080,1,-,0,False,2025-07-10 01:42:04.000000 UTC,N/A,Disabled
16040,776,svchost.exe,0x898e9946f1c0,2,-,0,False,2025-07-10 01:42:06.000000 UTC,N/A,Disabled
5852,980,SearchApp.exe,0x898e929c0080,33,-,1,False,2025-07-10 01:42:17.000000 UTC,N/A,Disabled
8860,9132,Discord.exe,0x898e9964c080,9,-,1,False,2025-07-10 01:42:49.000000 UTC,N/A,Disabled
13080,11508,msedge.exe,0x898e90bfb2c0,9,-,1,False,2025-07-10 01:42:50.000000 UTC,N/A,Disabled
15492,980,RuntimeBroker.,0x898e9914e080,3,-,1,False,2025-07-10 01:42:50.000000 UTC,N/A,Disabled
1388,776,SecurityHealth,0x898e9adb1080,4,-,0,False,2025-07-10 01:43:23.000000 UTC,N/A,Disabled
9356,980,SearchApp.exe,0x898e924f0080,13,-,1,False,2025-07-10 01:43:24.000000 UTC,N/A,Disabled
11416,9356,msedgewebview2,0x898e985e8080,53,-,1,False,2025-07-10 01:43:24.000000 UTC,N/A,Disabled
6072,11416,msedgewebview2,0x898e92690080,9,-,1,False,2025-07-10 01:43:24.000000 UTC,N/A,Disabled
6784,11416,msedgewebview2,0x898e92732080,23,-,1,False,2025-07-10 01:43:25.000000 UTC,N/A,Disabled
10612,11416,msedgewebview2,0x898e929c1080,20,-,1,False,2025-07-10 01:43:25.000000 UTC,N/A,Disabled
12624,11416,msedgewebview2,0x898e90ca3080,11,-,1,False,2025-07-10 01:43:25.000000 UTC,N/A,Disabled
7668,11416,msedgewebview2,0x898e99614080,21,-,1,False,2025-07-10 01:43:25.000000 UTC,N/A,Disabled
2496,11508,msedge.exe,0x898e90f3f080,9,-,1,False,2025-07-10 01:44:49.000000 UTC,N/A,Disabled
6884,11508,msedge.exe,0x898e99657080,9,-,1,False,2025-07-10 01:44:50.000000 UTC,N/A,Disabled
7468,980,SystemSettings,0x898e911c1080,25,-,1,False,2025-07-10 01:46:46.000000 UTC,N/A,Disabled
10052,980,ApplicationFra,0x898e97dfa080,3,-,1,False,2025-07-10 01:46:46.000000 UTC,N/A,Disabled
7352,980,UserOOBEBroker,0x898e96de7080,2,-,1,False,2025-07-10 01:51:24.000000 UTC,N/A,Disabled
3988,2724,Code.exe,0x898e983630c0,0,-,1,False,2025-07-10 01:54:19.000000 UTC,2025-07-10 02:42:22.000000 UTC,Disabled
5620,776,svchost.exe,0x898e987f2340,5,-,0,False,2025-07-10 02:08:48.000000 UTC,N/A,Disabled
6088,980,Video.UI.exe,0x898e9a66f080,14,-,1,False,2025-07-10 02:11:09.000000 UTC,N/A,Disabled
7248,980,RuntimeBroker.,0x898e9965a080,2,-,1,False,2025-07-10 02:11:10.000000 UTC,N/A,Disabled
7976,980,ShellExperienc,0x898e926e5080,17,-,1,False,2025-07-10 02:24:47.000000 UTC,N/A,Disabled
15808,980,RuntimeBroker.,0x898e926e4080,2,-,1,False,2025-07-10 02:24:47.000000 UTC,N/A,Disabled
1624,8540,Code.exe,0x898e98a30340,0,-,1,False,2025-07-10 02:57:12.000000 UTC,2025-07-10 02:57:39.000000 UTC,Disabled
1720,808,LogonUI.exe,0x898e98149340,0,-,1,False,2025-07-10 03:49:47.000000 UTC,2025-07-10 04:57:27.000000 UTC,Disabled
15068,980,LockApp.exe,0x898e9192c080,13,-,1,False,2025-07-10 03:49:48.000000 UTC,N/A,Disabled
4564,980,RuntimeBroker.,0x898e9a70f080,15,-,1,False,2025-07-10 03:49:48.000000 UTC,N/A,Disabled
10684,776,svchost.exe,0x898e9af9f080,2,-,0,False,2025-07-10 04:50:37.000000 UTC,N/A,Disabled
12540,2112,taskhostw.exe,0x898e9da712c0,10,-,1,False,2025-07-10 04:51:17.000000 UTC,N/A,Disabled
1680,11508,msedge.exe,0x898e9b07e080,16,-,1,False,2025-07-10 05:26:10.000000 UTC,N/A,Disabled
17124,11508,msedge.exe,0x898e9dbdc080,16,-,1,False,2025-07-10 05:26:11.000000 UTC,N/A,Disabled
9864,11508,msedge.exe,0x898e96f62080,15,-,1,False,2025-07-10 05:26:13.000000 UTC,N/A,Disabled
4256,14124,Code.exe,0x898e958a7080,0,-,1,False,2025-07-10 05:50:08.000000 UTC,2025-07-10 06:30:52.000000 UTC,Disabled
1520,13980,Code.exe,0x898e992b9080,0,-,1,False,2025-07-10 05:50:12.000000 UTC,2025-07-10 06:30:52.000000 UTC,Disabled
840,13376,Code.exe,0x898e9be0c080,0,-,1,False,2025-07-10 06:31:17.000000 UTC,2025-07-10 15:05:52.000000 UTC,Disabled
6812,11416,msedgewebview2,0x898e90c16080,12,-,1,False,2025-07-10 06:42:17.000000 UTC,N/A,Disabled
13056,980,WhatsApp.exe,0x898e9ccdc080,28,-,1,False,2025-07-10 07:33:01.000000 UTC,N/A,Disabled
16552,980,RuntimeBroker.,0x898e97a1c080,10,-,1,False,2025-07-10 07:33:03.000000 UTC,N/A,Disabled
8272,808,LogonUI.exe,0x898e9bb020c0,0,-,1,False,2025-07-10 07:34:19.000000 UTC,2025-07-10 13:45:43.000000 UTC,Disabled
7372,776,WUDFHost.exe,0x898e95ad0080,11,-,0,False,2025-07-10 13:44:47.000000 UTC,N/A,Disabled
10852,776,svchost.exe,0x898e9aeb20c0,3,-,0,False,2025-07-10 13:44:47.000000 UTC,N/A,Disabled
10092,2112,taskhostw.exe,0x898e9be13080,3,-,1,False,2025-07-10 13:46:00.000000 UTC,N/A,Disabled
11160,11508,msedge.exe,0x898e9af73080,16,-,1,False,2025-07-10 13:46:18.000000 UTC,N/A,Disabled
1220,980,backgroundTask,0x898e92665080,9,-,1,False,2025-07-10 13:50:21.000000 UTC,N/A,Disabled
1516,11508,msedge.exe,0x898e98083080,16,-,1,False,2025-07-10 14:12:49.000000 UTC,N/A,Disabled
11852,776,LanWlanWwanSwi,0x898e9b098080,7,-,0,False,2025-07-10 14:20:21.000000 UTC,N/A,Disabled
17024,776,HotKeyServiceU,0x898e9b440080,8,-,0,False,2025-07-10 14:20:21.000000 UTC,N/A,Disabled
236,776,HPAudioAnalyti,0x898e91927080,4,-,0,False,2025-07-10 14:20:21.000000 UTC,N/A,Disabled
20220,18956,Code.exe,0x898e9ecc6080,0,-,1,False,2025-07-10 14:50:32.000000 UTC,2025-07-10 15:05:52.000000 UTC,Disabled
18244,776,svchost.exe,0x898e9915a080,2,-,0,False,2025-07-10 14:56:35.000000 UTC,N/A,Disabled
10780,18652,Code.exe,0x898e911ca080,0,-,1,False,2025-07-10 15:05:58.000000 UTC,2025-07-10 15:05:59.000000 UTC,Disabled
17736,8532,Code.exe,0x898e9db92080,54,-,1,False,2025-07-10 15:08:39.000000 UTC,N/A,Disabled
9064,17736,Code.exe,0x898e97da7080,7,-,1,False,2025-07-10 15:08:40.000000 UTC,N/A,Disabled
14028,17736,Code.exe,0x898e998e2080,14,-,1,False,2025-07-10 15:08:40.000000 UTC,N/A,Disabled
16520,17736,Code.exe,0x898e991f8080,15,-,1,False,2025-07-10 15:08:40.000000 UTC,N/A,Disabled
792,17736,Code.exe,0x898e913e1080,20,-,1,False,2025-07-10 15:08:41.000000 UTC,N/A,Disabled
17752,17736,Code.exe,0x898e92472080,19,-,1,False,2025-07-10 15:08:43.000000 UTC,N/A,Disabled
13104,748,Code.exe,0x898e9bea4080,0,-,1,False,2025-07-10 15:08:55.000000 UTC,2025-07-10 15:09:30.000000 UTC,Disabled
13372,17736,Code.exe,0x898e8d7680c0,20,-,1,False,2025-07-10 15:09:31.000000 UTC,N/A,Disabled
13472,17736,Code.exe,0x898e9c6f1080,23,-,1,False,2025-07-10 15:09:31.000000 UTC,N/A,Disabled
16204,13472,Code.exe,0x898e9297d080,8,-,1,False,2025-07-10 15:09:35.000000 UTC,N/A,Disabled
17052,13472,Code.exe,0x898e9dd0d080,12,-,1,False,2025-07-10 15:09:43.000000 UTC,N/A,Disabled
11456,17736,Code.exe,0x898e9db4e080,26,-,1,False,2025-07-10 15:12:42.000000 UTC,N/A,Disabled
10444,11456,conhost.exe,0x898e925e7080,5,-,1,False,2025-07-10 15:12:43.000000 UTC,N/A,Disabled
19232,11456,powershell.exe,0x898e9da3c080,9,-,1,False,2025-07-10 15:12:43.000000 UTC,N/A,Disabled
13552,11612,node.exe,0x898e9a76b300,0,-,1,False,2025-07-10 15:14:18.000000 UTC,2025-07-10 15:15:06.000000 UTC,Disabled
17592,11456,conhost.exe,0x898e97f63080,5,-,1,False,2025-07-10 15:15:09.000000 UTC,N/A,Disabled
18212,11456,powershell.exe,0x898e99d8a080,9,-,1,False,2025-07-10 15:15:09.000000 UTC,N/A,Disabled
11780,18188,node.exe,0x898e98f92140,0,-,1,False,2025-07-10 15:15:39.000000 UTC,2025-07-10 15:19:49.000000 UTC,Disabled
16272,13472,Code.exe,0x898e9b09a080,9,-,1,False,2025-07-10 15:16:27.000000 UTC,N/A,Disabled
20132,13472,Code.exe,0x898e998d60c0,10,-,1,False,2025-07-10 15:16:27.000000 UTC,N/A,Disabled
4808,20132,Code.exe,0x898e9b443080,9,-,1,False,2025-07-10 15:16:28.000000 UTC,N/A,Disabled
10172,20084,node.exe,0x898e9adc3080,0,-,1,False,2025-07-10 15:19:53.000000 UTC,2025-07-10 15:27:46.000000 UTC,Disabled
6288,13472,Code.exe,0x898e9b0a6080,8,-,1,False,2025-07-10 15:22:56.000000 UTC,N/A,Disabled
16580,18936,node.exe,0x898e94f44080,0,-,1,False,2025-07-10 15:27:50.000000 UTC,2025-07-10 15:30:03.000000 UTC,Disabled
15884,980,dllhost.exe,0x898e90fce080,2,-,1,False,2025-07-10 15:29:19.000000 UTC,N/A,Disabled
10152,7340,node.exe,0x898e9084f080,0,-,1,False,2025-07-10 15:29:34.000000 UTC,2025-07-10 16:39:58.000000 UTC,Disabled
17944,11508,msedge.exe,0x898e9b2c4080,11,-,1,False,2025-07-10 15:51:01.000000 UTC,N/A,Disabled
17636,776,svchost.exe,0x898e9a2e4080,1,-,1,False,2025-07-10 16:17:03.000000 UTC,N/A,Disabled
19092,13472,pet.exe,0x898e9c0f7080,1,-,1,False,2025-07-10 16:25:10.000000 UTC,N/A,Disabled
2140,19092,conhost.exe,0x898e993e5080,2,-,1,False,2025-07-10 16:25:10.000000 UTC,N/A,Disabled
14668,11456,conhost.exe,0x898e9b433080,5,-,1,False,2025-07-10 16:25:11.000000 UTC,N/A,Disabled
16596,11456,powershell.exe,0x898e958592c0,9,-,1,False,2025-07-10 16:25:11.000000 UTC,N/A,Disabled
2784,13472,Code.exe,0x898e9b432080,17,-,1,False,2025-07-10 16:25:15.000000 UTC,N/A,Disabled
2944,11508,msedge.exe,0x898e9dbb2080,17,-,1,False,2025-07-10 16:33:49.000000 UTC,N/A,Disabled
11836,11456,conhost.exe,0x898e9db59080,5,-,1,False,2025-07-10 16:40:52.000000 UTC,N/A,Disabled
18376,11456,powershell.exe,0x898e94ecf080,9,-,1,False,2025-07-10 16:40:52.000000 UTC,N/A,Disabled
368,15828,cmd.exe,0x898e918b9300,1,-,1,False,2025-07-10 16:43:03.000000 UTC,N/A,Disabled
18468,368,conhost.exe,0x898e998e5080,4,-,1,False,2025-07-10 16:43:03.000000 UTC,N/A,Disabled
11812,368,python.exe,0x898e978c7080,1,-,1,False,2025-07-10 16:43:03.000000 UTC,N/A,Disabled
15728,11812,python.exe,0x898e9b07b080,4,-,1,False,2025-07-10 16:43:03.000000 UTC,N/A,Disabled
14396,11508,msedge.exe,0x898e9cea1080,18,-,1,False,2025-07-10 16:47:19.000000 UTC,N/A,Disabled
20004,11508,msedge.exe,0x898e9cce5080,14,-,1,False,2025-07-10 16:47:19.000000 UTC,N/A,Disabled
13700,8532,rundll32.exe,0x898e99571080,1,-,1,False,2025-07-10 16:49:08.000000 UTC,N/A,Disabled
11044,15728,python.exe,0x898e91688080,1,-,1,False,2025-07-10 16:59:29.000000 UTC,N/A,Disabled
10980,11044,python.exe,0x898e9c9ee080,7,-,1,False,2025-07-10 16:59:29.000000 UTC,N/A,Disabled
14856,11508,msedge.exe,0x898e95aa1080,15,-,1,False,2025-07-10 17:00:25.000000 UTC,N/A,Disabled
7404,11508,msedge.exe,0x898e9b2cc080,16,-,1,False,2025-07-10 17:08:00.000000 UTC,N/A,Disabled
6804,18212,cmd.exe,0x898e99175080,1,-,1,False,2025-07-10 17:21:19.000000 UTC,N/A,Disabled
18384,6804,node.exe,0x898e9c7eb080,13,-,1,False,2025-07-10 17:21:19.000000 UTC,N/A,Disabled
16376,18384,cmd.exe,0x898e90b63080,1,-,1,False,2025-07-10 17:21:20.000000 UTC,N/A,Disabled
18136,16376,node.exe,0x898e9af9d080,9,-,1,False,2025-07-10 17:21:20.000000 UTC,N/A,Disabled
18504,18136,node.exe,0x898e8d23f080,13,-,1,False,2025-07-10 17:21:20.000000 UTC,N/A,Disabled
9844,776,svchost.exe,0x898e9966e2c0,2,-,0,False,2025-07-10 17:21:24.000000 UTC,N/A,Disabled
13376,776,svchost.exe,0x898e95951080,1,-,0,False,2025-07-10 17:21:39.000000 UTC,N/A,Disabled
17808,11508,msedge.exe,0x898e9a750080,14,-,1,False,2025-07-10 17:26:11.000000 UTC,N/A,Disabled
7312,2988,audiodg.exe,0x898e99075080,5,-,0,False,2025-07-10 17:27:27.000000 UTC,N/A,Disabled
10872,980,WmiPrvSE.exe,0x898e9c8c50c0,6,-,0,False,2025-07-10 17:29:23.000000 UTC,N/A,Disabled
19224,776,svchost.exe,0x898e9b3d0080,7,-,0,False,2025-07-10 17:29:23.000000 UTC,N/A,Disabled
15488,776,svchost.exe,0x898e9af79080,5,-,0,False,2025-07-10 17:29:54.000000 UTC,N/A,Disabled
5952,10980,winpmem_mini_x,0x898e993a1080,1,-,1,False,2025-07-10 17:30:17.000000 UTC,N/A,Disabled
9688,776,svchost.exe,0x898e99ac50c0,15,-,0,False,2025-07-10 17:30:44.000000 UTC,N/A,Disabled
